{
  "type": "FeatureCollection",
  "generator": "overpass-turbo",
  "copyright": "The data included in this document is from www.openstreetmap.org. The data is made available under ODbL.",
  "timestamp": "2026-05-20T19:34:29Z",
  "features": [
    {
      "type": "Feature",
      "properties": {
        "@id": "way/32674255",
        "addr:city": "Cкoпje",
        "addr:city:en": "Skopje",
        "addr:country": "MK",
        "addr:postcode": "1000",
        "addr:street": "Васил Ѓоргов",
        "amenity": "restaurant",
        "building": "office",
        "building:levels": "1",
        "name": "Конструкта",
        "office": "insurance",
        "@geometry": "center"
      },
      "geometry": {
        "type": "Point",
        "coordinates": [21.4190485, 41.992373]
      },
      "id": "way/32674255"
    },
    {
      "type": "Feature",
      "properties": {
        "@id": "way/32674402",
        "addr:city": "Cкoпje",
        "addr:city:en": "Skopje",
        "addr:country": "MK",
        "addr:housenumber": "63",
        "addr:postcode": "1000",
        "addr:street": "Митрополит Теодосиј Гологанов",
        "amenity": "restaurant",
        "building": "yes",
        "contact:phone": "+389 2 329 6415",
        "cuisine": "burger;regional;ice_cream;grill;crepe;coffee_shop;balkan;pancake;chicken;diner;fish;breakfast;tea;sausage;local;fine_dining;kebab;barbecue",
        "designation": "National restaurant",
        "email": "contact@makedonskakuka.com",
        "internet_access": "wlan",
        "name": "Македонска куќа",
        "name:en": "Makedonska Kuka - Macedonian House Restaurant",
        "opening_hours": "Mo-Su 08:00-00:00",
        "operator": "Kiro Ilijeski -Kambero",
        "phone": "+389 2 329 6415",
        "website": "http://www.makedonskakuka.com",
        "@geometry": "center"
      },
      "geometry": {
        "type": "Point",
        "coordinates": [21.4021848, 41.9960058]
      },
      "id": "way/32674402"
    },
    {
      "type": "Feature",
      "properties": {
        "@id": "way/121390892",
        "addr:city": "Cкoпje",
        "addr:city:en": "Skopje",
        "addr:country": "MK",
        "addr:housenumber": "28",
        "addr:postcode": "1000",
        "addr:street": "Митрополит Теодосиј Гологанов",
        "amenity": "restaurant",
        "building": "yes",
        "name": "Ресторан 2 Златника",
        "office": "insurance",
        "wheelchair": "limited",
        "@geometry": "center"
      },
      "geometry": {
        "type": "Point",
        "coordinates": [21.4237388, 41.9953323]
      },
      "id": "way/121390892"
    },
    {
      "type": "Feature",
      "properties": {
        "@id": "way/121511379",
        "addr:city": "Cкoпje",
        "addr:city:en": "Skopje",
        "addr:country": "MK",
        "addr:housenumber": "21",
        "addr:postcode": "1000",
        "addr:street": "Дебарца",
        "amenity": "restaurant",
        "building": "yes",
        "name": "Керпич",
        "@geometry": "center"
      },
      "geometry": {
        "type": "Point",
        "coordinates": [21.4226606, 41.9973394]
      },
      "id": "way/121511379"
    },
    {
      "type": "Feature",
      "properties": {
        "@id": "way/121511400",
        "addr:city": "Cкoпje",
        "addr:city:en": "Skopje",
        "addr:country": "MK",
        "addr:housename": "Дане",
        "addr:housenumber": "2",
        "addr:postcode": "1000",
        "addr:street": "Киро Крстевски Платник",
        "alt_name": "Дане",
        "amenity": "restaurant",
        "building": "yes",
        "cuisine": "regional",
        "int_name": "Dane",
        "name": "Дане",
        "name:en": "Dane",
        "@geometry": "center"
      },
      "geometry": {
        "type": "Point",
        "coordinates": [21.4220935, 41.9962023]
      },
      "id": "way/121511400"
    },
    {
      "type": "Feature",
      "properties": {
        "@id": "way/121511815",
        "addr:city": "Cкoпje",
        "addr:city:en": "Skopje",
        "addr:country": "MK",
        "addr:housenumber": "32b",
        "addr:postcode": "1000",
        "addr:street": "Митрополит Теодосиј Гологанов",
        "amenity": "restaurant",
        "building": "yes",
        "cuisine": "grill;local",
        "internet_access": "wlan",
        "name": "Ка",
        "phone": "+38923214350",
        "@geometry": "center"
      },
      "geometry": {
        "type": "Point",
        "coordinates": [21.422204, 41.995115]
      },
      "id": "way/121511815"
    },
    {
      "type": "Feature",
      "properties": {
        "@id": "way/121511817",
        "addr:city": "Cкoпje",
        "addr:city:en": "Skopje",
        "addr:country": "MK",
        "addr:postcode": "1000",
        "amenity": "restaurant",
        "building": "yes",
        "cuisine": "regional",
        "name": "Ѓезме",
        "@geometry": "center"
      },
      "geometry": {
        "type": "Point",
        "coordinates": [21.4182853, 41.9954805]
      },
      "id": "way/121511817"
    },
    {
      "type": "Feature",
      "properties": {
        "@id": "way/163025981",
        "addr:city": "Cкoпje",
        "addr:city:en": "Skopje",
        "addr:country": "MK",
        "addr:housenumber": "33",
        "addr:postcode": "1000",
        "addr:street": "Ленинова",
        "amenity": "cafe",
        "building": "yes",
        "name": "Coffee Factory",
        "@geometry": "center"
      },
      "geometry": {
        "type": "Point",
        "coordinates": [21.4235228, 41.9990758]
      },
      "id": "way/163025981"
    },
    {
      "type": "Feature",
      "properties": {
        "@id": "way/175463419",
        "addr:city": "Cкoпje",
        "addr:city:en": "Skopje",
        "addr:country": "MK",
        "addr:postcode": "1000",
        "amenity": "restaurant",
        "building": "yes",
        "name": "Дојрана",
        "@geometry": "center"
      },
      "geometry": {
        "type": "Point",
        "coordinates": [21.4599001, 41.9979316]
      },
      "id": "way/175463419"
    },
    {
      "type": "Feature",
      "properties": {
        "@id": "way/176147416",
        "addr:city": "Cкoпje",
        "addr:city:en": "Skopje",
        "addr:country": "MK",
        "addr:housenumber": "1",
        "addr:postcode": "1000",
        "addr:street": "Антоние Грубишиќ",
        "amenity": "bar",
        "building": "yes",
        "int_name": "Deus",
        "name": "Деус",
        "name:en": "Deus",
        "website": "https://www.doxmenu.com/deus",
        "@geometry": "center"
      },
      "geometry": {
        "type": "Point",
        "coordinates": [21.4241291, 42.0002817]
      },
      "id": "way/176147416"
    },
    {
      "type": "Feature",
      "properties": {
        "@id": "way/176147424",
        "addr:city": "Cкoпje",
        "addr:city:en": "Skopje",
        "addr:country": "MK",
        "addr:housenumber": "29",
        "addr:postcode": "1000",
        "addr:street": "Аминта Трети",
        "amenity": "restaurant",
        "building": "apartments",
        "name": "Teeny Тајни",
        "@geometry": "center"
      },
      "geometry": {
        "type": "Point",
        "coordinates": [21.4243711, 42.0006255]
      },
      "id": "way/176147424"
    },
    {
      "type": "Feature",
      "properties": {
        "@id": "way/176147426",
        "addr:city": "Скопје",
        "addr:city:en": "Skopje",
        "addr:country": "MK",
        "addr:housenumber": "29",
        "addr:postcode": "1000",
        "addr:street": "Аминта Трети",
        "amenity": "cafe",
        "building": "yes",
        "cuisine": "coffee_shop",
        "internet_access": "yes",
        "name": "Juice Bar",
        "name:en": "Decata od nasata ulica",
        "smoking": "outside",
        "@geometry": "center"
      },
      "geometry": {
        "type": "Point",
        "coordinates": [21.4243073, 42.0000219]
      },
      "id": "way/176147426"
    },
    {
      "type": "Feature",
      "properties": {
        "@id": "way/176147429",
        "addr:city": "Cкoпje",
        "addr:city:en": "Skopje",
        "addr:country": "MK",
        "addr:housenumber": "38",
        "addr:postcode": "1000",
        "addr:street": "Аминта Трети",
        "addr:street:en": "Aminta Treti",
        "amenity": "bar",
        "building": "yes",
        "name": "Правда",
        "@geometry": "center"
      },
      "geometry": {
        "type": "Point",
        "coordinates": [21.422865, 41.9989439]
      },
      "id": "way/176147429"
    },
    {
      "type": "Feature",
      "properties": {
        "@id": "way/176147463",
        "addr:city": "Cкoпje",
        "addr:city:en": "Skopje",
        "addr:country": "MK",
        "addr:postcode": "1000",
        "amenity": "bar",
        "building": "yes",
        "name": "C'est la vie",
        "@geometry": "center"
      },
      "geometry": {
        "type": "Point",
        "coordinates": [21.4241275, 41.9998327]
      },
      "id": "way/176147463"
    },
    {
      "type": "Feature",
      "properties": {
        "@id": "way/176147485",
        "addr:city": "Cкoпje",
        "addr:city:en": "Skopje",
        "addr:country": "MK",
        "addr:housenumber": "45",
        "addr:postcode": "1000",
        "addr:street": "Пиринска",
        "amenity": "bar",
        "building": "residential",
        "int_name": "Bastion",
        "name": "Бастион",
        "name:en": "Bastion",
        "opening_hours": "9:00-20:00",
        "shop": "pastry",
        "website": "https://www.facebook.com/slatkarnicanewyork",
        "@geometry": "center"
      },
      "geometry": {
        "type": "Point",
        "coordinates": [21.4236264, 41.9998462]
      },
      "id": "way/176147485"
    },
    {
      "type": "Feature",
      "properties": {
        "@id": "way/176147491",
        "addr:city": "Cкoпje",
        "addr:city:en": "Skopje",
        "addr:country": "MK",
        "addr:housenumber": "29",
        "addr:postcode": "1000",
        "addr:street": "Аминта Трети",
        "addr:street:en": "Leninova",
        "amenity": "restaurant",
        "building": "apartments",
        "cuisine": "chinese;thai;japanese;sushi",
        "layer": "1",
        "name": "Sushi Ко",
        "name:en": "Sushico",
        "opening_hours": "Su-Th 12:00-23:00; Fr-Sa 10:00-00:00",
        "outdoor_seating": "yes",
        "phone": "+389 2 3217874",
        "smoking": "separated",
        "website": "https://www.sushico.mk/",
        "@geometry": "center"
      },
      "geometry": {
        "type": "Point",
        "coordinates": [21.4239689, 41.9996894]
      },
      "id": "way/176147491"
    },
    {
      "type": "Feature",
      "properties": {
        "@id": "way/176154876",
        "addr:city": "Cкoпje",
        "addr:city:en": "Skopje",
        "addr:country": "MK",
        "addr:housenumber": "11",
        "addr:postcode": "1000",
        "addr:street": "Никола Тесла",
        "addr:street:en": "Nikola Tesla",
        "amenity": "restaurant",
        "building": "commercial",
        "cuisine": "regional",
        "email": "gostilnica_lira@t-home.mk",
        "int_name": "Lira",
        "internet_access": "wlan",
        "name": "Лира",
        "name:en": "Lyre",
        "opening_hours": "09:00-24:00, Fr-Sa 09:00-01:00",
        "outdoor_seating": "yes",
        "payment:american_express": "yes",
        "payment:coins": "yes",
        "payment:diners_club": "yes",
        "payment:maestro": "yes",
        "payment:mastercard": "yes",
        "payment:notes": "yes",
        "payment:visa": "yes",
        "phone": "+389 2 3061726",
        "smoking": "separated",
        "website": "http://www.lyra.com.mk/",
        "@geometry": "center"
      },
      "geometry": {
        "type": "Point",
        "coordinates": [21.4107345, 42.0060096]
      },
      "id": "way/176154876"
    },
    {
      "type": "Feature",
      "properties": {
        "@id": "way/176158371",
        "addr:city": "Cкoпje",
        "addr:country": "MK",
        "addr:housenumber": "18A",
        "addr:postcode": "1000",
        "addr:street": "Булевар Климент Охридски",
        "alt_name": "Коси Бар",
        "amenity": "pub",
        "building": "yes",
        "email": "cosy.cosybar@gmail.com",
        "microbrewery": "yes",
        "name": "Bar Crash",
        "old_name": "Кригла",
        "opening_hours": "Tu-Th 16:00-00:00, Fr-Sa 16:00-01:00; Su 16:00-00:00",
        "operator": "Cosy Bar",
        "outdoor_seating": "yes",
        "payment:coins": "yes",
        "payment:notes": "yes",
        "phone": "+389 70 364 224",
        "smoking": "outside",
        "website": "https://www.facebook.com/pg/cosy.cosybar/about/?ref=page_internal",
        "wheelchair": "no",
        "@geometry": "center"
      },
      "geometry": {
        "type": "Point",
        "coordinates": [21.4271079, 42.0007229]
      },
      "id": "way/176158371"
    },
    {
      "type": "Feature",
      "properties": {
        "@id": "way/176159879",
        "addr:city": "Cкoпje",
        "addr:city:en": "Skopje",
        "addr:country": "MK",
        "addr:housenumber": "14",
        "addr:postcode": "1000",
        "addr:street": "Пајко Маало",
        "amenity": "restaurant",
        "building": "yes",
        "cuisine": "regional",
        "fax": "+389 2 3119668",
        "int_name": "Restoran Stara Kuka",
        "name": "Стара куќа",
        "name:en": "Old House Restaurant",
        "outdoor_seating": "yes",
        "phone": "+389 2 3131376",
        "smoking": "separated",
        "website": "https://starakuka.com.mk/",
        "wheelchair": "yes",
        "@geometry": "center"
      },
      "geometry": {
        "type": "Point",
        "coordinates": [21.4384354, 41.9968367]
      },
      "id": "way/176159879"
    },
    {
      "type": "Feature",
      "properties": {
        "@id": "way/176326155",
        "addr:city": "Cкoпje",
        "addr:city:en": "Skopje",
        "addr:country": "MK",
        "addr:postcode": "1000",
        "amenity": "pub",
        "building": "yes",
        "name": "Tribeca - Botanic Shop & Cafe",
        "operator": "Tribeca - Botanic Shop & Cafe",
        "outdoor_seating": "yes",
        "website": "https://www.facebook.com/tribecamk/?__tn__=%2Cd%2CP-R&eid=ARC3wmlUL3YaOuUJdA_ap267CSHUG_68B1QTrlKyTD3Xe057c62pmhmj2210OcbcJzVDguMBz2FYnqK7",
        "@geometry": "center"
      },
      "geometry": {
        "type": "Point",
        "coordinates": [21.4113588, 42.0072144]
      },
      "id": "way/176326155"
    },
    {
      "type": "Feature",
      "properties": {
        "@id": "way/176328169",
        "addr:city": "Cкoпje",
        "addr:city:en": "Skopje",
        "addr:country": "MK",
        "addr:postcode": "1000",
        "amenity": "restaurant",
        "building": "commercial",
        "cuisine": "regional",
        "int_name": "Balkanika",
        "name": "Балканика",
        "smoking": "separated",
        "@geometry": "center"
      },
      "geometry": {
        "type": "Point",
        "coordinates": [21.4097243, 42.0096654]
      },
      "id": "way/176328169"
    },
    {
      "type": "Feature",
      "properties": {
        "@id": "way/176331794",
        "addr:city": "Cкoпje",
        "addr:city:en": "Skopje",
        "addr:country": "MK",
        "addr:postcode": "1000",
        "amenity": "restaurant",
        "building": "yes",
        "int_name": "Uranija",
        "name": "Уранија",
        "@geometry": "center"
      },
      "geometry": {
        "type": "Point",
        "coordinates": [21.4220099, 42.006134]
      },
      "id": "way/176331794"
    },
    {
      "type": "Feature",
      "properties": {
        "@id": "way/176448667",
        "addr:city": "Cкoпje",
        "addr:city:en": "Skopje",
        "addr:country": "MK",
        "addr:postcode": "1000",
        "amenity": "restaurant",
        "building": "yes",
        "cuisine": "chinese",
        "name": "Ѕвезден Океан",
        "name:en": "Star Ocean",
        "@geometry": "center"
      },
      "geometry": {
        "type": "Point",
        "coordinates": [21.427251, 41.9957136]
      },
      "id": "way/176448667"
    },
    {
      "type": "Feature",
      "properties": {
        "@id": "way/177045374",
        "addr:city": "Cкoпje",
        "addr:city:en": "Skopje",
        "addr:country": "MK",
        "addr:postcode": "1000",
        "addr:street": "Булевар Илинден",
        "amenity": "restaurant",
        "cuisine": "regional",
        "name": "Ресторан Маргер",
        "opening_hours": "08:00-24:00, Fr-Sa 08:00-01:00",
        "payment:maestro": "yes",
        "payment:mastercard": "yes",
        "payment:visa": "yes",
        "phone": "+389 78 685 086;+389 23 067 428",
        "website": "https://www.marger.com.mk/",
        "@geometry": "center"
      },
      "geometry": {
        "type": "Point",
        "coordinates": [21.4140383, 42.0081706]
      },
      "id": "way/177045374"
    },
    {
      "type": "Feature",
      "properties": {
        "@id": "way/177052647",
        "addr:city": "Cкoпje",
        "addr:city:en": "Skopje",
        "addr:country": "MK",
        "addr:postcode": "1000",
        "amenity": "restaurant",
        "building": "yes",
        "cuisine": "seafood",
        "name": "Sidro",
        "@geometry": "center"
      },
      "geometry": {
        "type": "Point",
        "coordinates": [21.3947256, 42.0044233]
      },
      "id": "way/177052647"
    },
    {
      "type": "Feature",
      "properties": {
        "@id": "way/190217752",
        "addr:city": "Cкoпje",
        "addr:city:en": "Skopje",
        "addr:country": "MK",
        "addr:postcode": "1000",
        "amenity": "nightclub",
        "building": "yes",
        "int_name": "Mamas",
        "name": "Мамас",
        "name:en": "Mamas",
        "wheelchair": "no",
        "@geometry": "center"
      },
      "geometry": {
        "type": "Point",
        "coordinates": [21.4246878, 41.9955912]
      },
      "id": "way/190217752"
    },
    {
      "type": "Feature",
      "properties": {
        "@id": "way/223413061",
        "addr:city": "Cкoпje",
        "addr:city:en": "Skopje",
        "addr:country": "MK",
        "addr:housenumber": "29",
        "addr:postcode": "1000",
        "addr:street": "Аминта Трети",
        "amenity": "cafe",
        "building": "yes",
        "name": "Manhattan Cafe",
        "@geometry": "center"
      },
      "geometry": {
        "type": "Point",
        "coordinates": [21.4242078, 41.999912]
      },
      "id": "way/223413061"
    },
    {
      "type": "Feature",
      "properties": {
        "@id": "way/236539239",
        "addr:city": "Cкoпje",
        "addr:city:en": "Skopje",
        "addr:country": "MK",
        "addr:postcode": "1000",
        "amenity": "restaurant",
        "building": "yes",
        "name": "Рулет",
        "@geometry": "center"
      },
      "geometry": {
        "type": "Point",
        "coordinates": [21.4466504, 41.9892449]
      },
      "id": "way/236539239"
    },
    {
      "type": "Feature",
      "properties": {
        "@id": "way/242545718",
        "addr:city": "Cкoпje",
        "addr:city:en": "Skopje",
        "addr:country": "MK",
        "addr:postcode": "1000",
        "amenity": "fast_food",
        "building": "yes",
        "mobile": "070702659",
        "name": "Топ Хил",
        "name:en": "Top hill",
        "@geometry": "center"
      },
      "geometry": {
        "type": "Point",
        "coordinates": [21.4372925, 41.9915158]
      },
      "id": "way/242545718"
    },
    {
      "type": "Feature",
      "properties": {
        "@id": "way/248508284",
        "addr:city": "Cкoпje",
        "addr:city:en": "Skopje",
        "addr:country": "MK",
        "addr:housenumber": "25",
        "addr:postcode": "1000",
        "addr:street": "Ристо Шишков",
        "amenity": "restaurant",
        "building": "yes",
        "name": "Sopotsko",
        "@geometry": "center"
      },
      "geometry": {
        "type": "Point",
        "coordinates": [21.4260724, 42.0015806]
      },
      "id": "way/248508284"
    },
    {
      "type": "Feature",
      "properties": {
        "@id": "way/254343478",
        "amenity": "fast_food",
        "building": "yes",
        "check_date:opening_hours": "2023-11-29",
        "cuisine": "burger",
        "indoor_seating": "no",
        "name": "Iva",
        "opening_hours": "Mo-Fr 08:00-18:00",
        "outdoor_seating": "yes",
        "@geometry": "center"
      },
      "geometry": {
        "type": "Point",
        "coordinates": [21.4085865, 42.004176]
      },
      "id": "way/254343478"
    },
    {
      "type": "Feature",
      "properties": {
        "@id": "way/279392654",
        "addr:city": "Cкoпje",
        "addr:city:en": "Skopje",
        "addr:country": "MK",
        "addr:postcode": "1000",
        "amenity": "restaurant",
        "building": "yes",
        "cuisine": "regional",
        "name": "Kуќа",
        "@geometry": "center"
      },
      "geometry": {
        "type": "Point",
        "coordinates": [21.4376203, 41.9932093]
      },
      "id": "way/279392654"
    },
    {
      "type": "Feature",
      "properties": {
        "@id": "way/305533452",
        "addr:city": "Cкoпje",
        "addr:city:en": "Skopje",
        "addr:country": "MK",
        "addr:housenumber": "36",
        "addr:postcode": "1000",
        "addr:street": "Кеј 13 Ноември",
        "amenity": "restaurant",
        "building": "yes",
        "name": "Ресторан Кej",
        "name:en": "Restoran Kej",
        "@geometry": "center"
      },
      "geometry": {
        "type": "Point",
        "coordinates": [21.4415012, 41.9944986]
      },
      "id": "way/305533452"
    },
    {
      "type": "Feature",
      "properties": {
        "@id": "way/305647156",
        "addr:city": "Cкoпje",
        "addr:city:en": "Skopje",
        "addr:country": "MK",
        "addr:housenumber": "4",
        "addr:postcode": "1000",
        "addr:street": "Горан Стефановски",
        "amenity": "restaurant",
        "building": "yes",
        "cuisine": "regional;pizza",
        "name": "Бравос",
        "@geometry": "center"
      },
      "geometry": {
        "type": "Point",
        "coordinates": [21.4145694, 42.00006]
      },
      "id": "way/305647156"
    },
    {
      "type": "Feature",
      "properties": {
        "@id": "node/309875534",
        "addr:city": "Cкoпje",
        "addr:city:en": "Skopje",
        "addr:country": "MK",
        "addr:housename": "Gradski Trgovski Centar (GTC)",
        "addr:postcode": "1000",
        "addr:street": "Кеј 13 Ноември",
        "addr:street:en": "Kay 13th November",
        "amenity": "pub",
        "check_date": "2024-09-30",
        "indoor_seating": "yes",
        "internet_access": "wlan",
        "internet_access:fee": "no",
        "level": "0",
        "name": "Ирски паб Св. Патрик",
        "name:en": "St. Patrick Irish Pub",
        "opening_hours": "Mo-Th 07:00-24:00; Fr,Sa 07:00-01:00",
        "outdoor_seating": "yes",
        "payment:coins": "yes",
        "payment:mastercard": "yes",
        "payment:notes": "yes",
        "payment:visa": "yes",
        "smoking": "separated",
        "website": "http://www.irishpub.com.mk/",
        "wheelchair": "yes"
      },
      "geometry": {
        "type": "Point",
        "coordinates": [21.4355918, 41.9951158]
      },
      "id": "node/309875534"
    },
    {
      "type": "Feature",
      "properties": {
        "@id": "node/309894643",
        "addr:city": "Скопје",
        "addr:postcode": "1000",
        "addr:street": "Плоштад Македонија",
        "air_conditioning": "yes",
        "alt_name": "Дал Мет Фу",
        "amenity": "restaurant",
        "cuisine": "italian",
        "indoor_seating": "yes",
        "int_name": "Pelister",
        "name": "Пелистер",
        "name:en": "Pelister",
        "opening_hours": "Mo-Th 07:00-00:00; Fr-Sa 07:00-01:00; Su 10:30-00:00",
        "outdoor_seating": "yes",
        "smoking": "outside",
        "website": "https://www.pelisterhotel.com.mk/",
        "wheelchair": "yes",
        "wheelchair:description": "Toilet not accessible"
      },
      "geometry": {
        "type": "Point",
        "coordinates": [21.4314898, 41.9953401]
      },
      "id": "node/309894643"
    },
    {
      "type": "Feature",
      "properties": {
        "@id": "node/310348048",
        "amenity": "fast_food",
        "name": "Лап Лап"
      },
      "geometry": {
        "type": "Point",
        "coordinates": [21.3918782, 41.9985413]
      },
      "id": "node/310348048"
    },
    {
      "type": "Feature",
      "properties": {
        "@id": "way/332382509",
        "addr:city": "Cкoпje",
        "addr:city:en": "Skopje",
        "addr:country": "MK",
        "addr:postcode": "1000",
        "amenity": "restaurant",
        "building": "yes",
        "cuisine": "regional",
        "name": "Od Nas Za Vas",
        "takeaway": "yes",
        "@geometry": "center"
      },
      "geometry": {
        "type": "Point",
        "coordinates": [21.429626, 41.9891202]
      },
      "id": "way/332382509"
    },
    {
      "type": "Feature",
      "properties": {
        "@id": "way/344078719",
        "addr:city": "Cкoпje",
        "addr:city:en": "Skopje",
        "addr:country": "MK",
        "addr:housenumber": "70",
        "addr:postcode": "1000",
        "addr:street": "Варшавска",
        "amenity": "restaurant",
        "building": "commercial",
        "building:levels": "2",
        "cuisine": "regional",
        "email": "info@skarabar.mk",
        "int_name": "Skara Bar",
        "name": "Скара Бар",
        "opening_hours": "08:00-24:00",
        "outdoor_seating": "yes",
        "phone": "+389 75 727110",
        "roof:shape": "hipped",
        "smoking": "separated",
        "website": "https://skarabar.mk/",
        "wheelchair": "yes",
        "@geometry": "center"
      },
      "geometry": {
        "type": "Point",
        "coordinates": [21.3924371, 42.0017015]
      },
      "id": "way/344078719"
    },
    {
      "type": "Feature",
      "properties": {
        "@id": "way/355766653",
        "addr:city": "Cкoпje",
        "addr:city:en": "Skopje",
        "addr:country": "MK",
        "addr:housenumber": "8",
        "addr:postcode": "1000",
        "addr:street": "Никола Тримпаре",
        "amenity": "cafe",
        "building": "yes",
        "indoor_seating": "yes",
        "name": "Кашмир Арт Кафе",
        "name:en": "Kashmir Art Caffe",
        "outdoor_seating": "yes",
        "@geometry": "center"
      },
      "geometry": {
        "type": "Point",
        "coordinates": [21.4220971, 41.9969286]
      },
      "id": "way/355766653"
    },
    {
      "type": "Feature",
      "properties": {
        "@id": "way/357827837",
        "addr:city": "Cкoпje",
        "addr:city:en": "Skopje",
        "addr:country": "MK",
        "addr:postcode": "1000",
        "amenity": "restaurant",
        "building": "yes",
        "cuisine": "italian",
        "name": "Воденица",
        "name:en": "Vodenica Mulino",
        "website": "www.vodenicamulino.com.mk",
        "@geometry": "center"
      },
      "geometry": {
        "type": "Point",
        "coordinates": [21.4131631, 41.9948514]
      },
      "id": "way/357827837"
    },
    {
      "type": "Feature",
      "properties": {
        "@id": "way/357827839",
        "addr:city": "Cкoпje",
        "addr:city:en": "Skopje",
        "addr:country": "MK",
        "addr:housenumber": "79",
        "addr:postcode": "1000",
        "addr:street": "Митрополит Теодосиј Гологанов",
        "addr:street:en": "Mitroplit Teodosij Gologanov",
        "amenity": "restaurant",
        "building": "yes",
        "cuisine": "regional",
        "email": "gostilnicadukat@gmail.com",
        "name": "Гостилница Дукат",
        "name:en": "Gostilnica Dukat",
        "opening_hours": "Mo-Fr 08:00-24:00; Sa,Su 00:00-01:00,08:00-24:00",
        "outdoor_seating": "yes",
        "payment:coins": "yes",
        "payment:diners_club": "yes",
        "payment:maestro": "yes",
        "payment:mastercard": "yes",
        "payment:notes": "yes",
        "payment:visa": "yes",
        "phone": "+389 2 3211011",
        "smoking": "separated",
        "@geometry": "center"
      },
      "geometry": {
        "type": "Point",
        "coordinates": [21.413004, 41.9948322]
      },
      "id": "way/357827839"
    },
    {
      "type": "Feature",
      "properties": {
        "@id": "way/358395487",
        "addr:city": "Cкoпje",
        "addr:city:en": "Skopje",
        "addr:country": "MK",
        "addr:housenumber": "бб",
        "addr:postcode": "1000",
        "addr:street": "Лондонска",
        "addr:street:en": "Londonska",
        "amenity": "pub",
        "building": "yes",
        "cuisine": "regional",
        "email": "info@forza.com.mk",
        "food": "yes",
        "name": "Кaфе бар „Форца“",
        "name:en": "Forza Cafe",
        "opening_hours": "Mo-Su 00:00-01:00, Su-Th 08:00-24:00",
        "outdoor_seating": "yes",
        "phone": "+389 2 3060333",
        "smoking": "separated",
        "website": "www.forza.com.mk",
        "@geometry": "center"
      },
      "geometry": {
        "type": "Point",
        "coordinates": [21.3908, 41.9996349]
      },
      "id": "way/358395487"
    },
    {
      "type": "Feature",
      "properties": {
        "@id": "way/358611648",
        "addr:city": "Cкoпje",
        "addr:city:en": "Skopje",
        "addr:country": "MK",
        "addr:postcode": "1000",
        "addr:street": "Лондонска",
        "amenity": "restaurant",
        "building": "yes",
        "building:levels": "1",
        "cuisine": "regional",
        "name": "Ресторан 14",
        "name:en": "Restaurant 14",
        "phone": "+389 2 3076411",
        "smoking": "outside",
        "website": "http://www.restoran14.com.mk/",
        "@geometry": "center"
      },
      "geometry": {
        "type": "Point",
        "coordinates": [21.3918671, 42.0018539]
      },
      "id": "way/358611648"
    },
    {
      "type": "Feature",
      "properties": {
        "@id": "way/360117574",
        "addr:city": "Cкoпje",
        "addr:city:en": "Skopje",
        "addr:country": "MK",
        "addr:postcode": "1000",
        "amenity": "restaurant",
        "building": "commercial",
        "cuisine": "regional",
        "int_name": "Den i Nok",
        "name": "Ден и Ноќ",
        "name:en": "Day and Night",
        "website": "http://www.replek.com.mk/DeniNok/zaNas.htm",
        "@geometry": "center"
      },
      "geometry": {
        "type": "Point",
        "coordinates": [21.4059058, 42.0137743]
      },
      "id": "way/360117574"
    },
    {
      "type": "Feature",
      "properties": {
        "@id": "way/363752338",
        "addr:city": "Cкoпje",
        "addr:country": "MK",
        "addr:housenumber": "51",
        "addr:postcode": "1000",
        "addr:street": "Дебарца",
        "amenity": "restaurant",
        "building": "yes",
        "cuisine": "regional",
        "name": "Skopski Merak",
        "opening_hours": "Mo-Su 00:00-01:00,08:00-24:00",
        "outdoor_seating": "yes",
        "smoking": "separated",
        "website": "http://www.skopskimerak.mk/",
        "@geometry": "center"
      },
      "geometry": {
        "type": "Point",
        "coordinates": [21.4198006, 42.0010309]
      },
      "id": "way/363752338"
    },
    {
      "type": "Feature",
      "properties": {
        "@id": "way/365998801",
        "amenity": "restaurant",
        "building": "yes",
        "name": "Aktiva",
        "@geometry": "center"
      },
      "geometry": {
        "type": "Point",
        "coordinates": [21.3905928, 42.0440002]
      },
      "id": "way/365998801"
    },
    {
      "type": "Feature",
      "properties": {
        "@id": "node/367252434",
        "amenity": "restaurant",
        "cuisine": "balkan;coffee_shop;diner;grill;ice_cream;regional;sandwich",
        "name": "Бифе Челик",
        "name:en": "Chelik",
        "opening_hours": "Mo-Sa 08:00-21:30",
        "outdoor_seating": "yes",
        "smoking": "yes",
        "takeaway": "yes"
      },
      "geometry": {
        "type": "Point",
        "coordinates": [21.4116647, 41.9936863]
      },
      "id": "node/367252434"
    },
    {
      "type": "Feature",
      "properties": {
        "@id": "way/379884574",
        "addr:housenumber": "14",
        "addr:street": "Јордан Хаџиконстантинов Џинот",
        "amenity": "restaurant",
        "building": "yes",
        "indoor_seating": "yes",
        "name": "Дестан",
        "name:en": "Destan",
        "@geometry": "center"
      },
      "geometry": {
        "type": "Point",
        "coordinates": [21.425813, 42.0034927]
      },
      "id": "way/379884574"
    },
    {
      "type": "Feature",
      "properties": {
        "@id": "way/379896010",
        "amenity": "restaurant",
        "building": "yes",
        "check_date": "2023-08-31",
        "name": "Калабалак",
        "@geometry": "center"
      },
      "geometry": {
        "type": "Point",
        "coordinates": [21.4403078, 41.9899916]
      },
      "id": "way/379896010"
    },
    {
      "type": "Feature",
      "properties": {
        "@id": "way/388871332",
        "addr:city": "Cкoпje",
        "addr:city:en": "Skopje",
        "addr:country": "MK",
        "addr:housenumber": "22",
        "addr:postcode": "1000",
        "addr:street": "50-та дивизија",
        "addr:street:en": "50 Divizija",
        "amenity": "restaurant",
        "building": "yes",
        "cuisine": "regional;burger;pizza;salad",
        "email": "contact@publicroom.org",
        "name": "Јавна Соба",
        "name:en": "Public Room",
        "name:nl": "Open Huis",
        "name:tr": "Public Room",
        "opening_hours": "08:00-24:00",
        "payment:cash": "yes",
        "payment:credit_cards": "yes",
        "phone": "+389 2 6092650",
        "shop": "art",
        "smoking": "no",
        "website": "https://publicroom.org/contact.html",
        "wheelchair": "limited",
        "@geometry": "center"
      },
      "geometry": {
        "type": "Point",
        "coordinates": [21.4259581, 41.9898961]
      },
      "id": "way/388871332"
    },
    {
      "type": "Feature",
      "properties": {
        "@id": "way/390108507",
        "amenity": "restaurant",
        "building": "commercial",
        "cuisine": "local",
        "name": "Imperial",
        "@geometry": "center"
      },
      "geometry": {
        "type": "Point",
        "coordinates": [21.4286483, 42.0487648]
      },
      "id": "way/390108507"
    },
    {
      "type": "Feature",
      "properties": {
        "@id": "way/409026453",
        "addr:city": "Cкoпje",
        "addr:city:en": "Skopje",
        "addr:country": "MK",
        "addr:postcode": "1000",
        "addr:street": "Париска",
        "addr:street:en": "Pariska",
        "amenity": "restaurant",
        "building": "yes",
        "cuisine": "regional",
        "email": "info@olive.mk",
        "name": "Restoran Olive",
        "opening_hours": "Mo-Sa 09:00-24:00",
        "outdoor_seating": "yes",
        "phone": "+389 (0)2 3 06 66 23",
        "smoking": "outside",
        "website": "https://www.facebook.com/olive.skopje/",
        "wheelchair": "yes",
        "@geometry": "center"
      },
      "geometry": {
        "type": "Point",
        "coordinates": [21.4014186, 42.001352]
      },
      "id": "way/409026453"
    },
    {
      "type": "Feature",
      "properties": {
        "@id": "way/410317997",
        "addr:city": "Cкoпje",
        "addr:housenumber": "25",
        "addr:postcode": "1000",
        "addr:street": "Мирослав Крлежа",
        "amenity": "cafe",
        "building": "yes",
        "internet_access": "wlan",
        "name": "Излет",
        "name:en": "Izlet",
        "@geometry": "center"
      },
      "geometry": {
        "type": "Point",
        "coordinates": [21.4242939, 41.9971391]
      },
      "id": "way/410317997"
    },
    {
      "type": "Feature",
      "properties": {
        "@id": "way/410925022",
        "addr:city": "Cкoпje",
        "addr:city:en": "Skopje",
        "addr:country": "MK",
        "addr:housenumber": "1",
        "addr:postcode": "1000",
        "addr:street": "Градиште",
        "addr:street:en": "Gradiste",
        "amenity": "pub",
        "building": "house",
        "check_date": "2025-01-04",
        "cuisine": "regional",
        "food": "yes",
        "int_name": "Pivnica Star Grad",
        "internet_access": "wlan",
        "microbrewery": "yes",
        "name": "Пивница Стар град",
        "name:de": "Old Town Brewery",
        "name:en": "Old Town Brewery",
        "opening_hours": "Mo-Su 00:00-02:00,09:00-24:00",
        "outdoor_seating": "yes",
        "smoking": "separated",
        "@geometry": "center"
      },
      "geometry": {
        "type": "Point",
        "coordinates": [21.435629, 42.0003192]
      },
      "id": "way/410925022"
    },
    {
      "type": "Feature",
      "properties": {
        "@id": "node/411006922",
        "amenity": "restaurant",
        "name": "Интермецо"
      },
      "geometry": {
        "type": "Point",
        "coordinates": [21.4140669, 41.9947432]
      },
      "id": "node/411006922"
    },
    {
      "type": "Feature",
      "properties": {
        "@id": "node/411008299",
        "amenity": "cafe",
        "name": "Benneton"
      },
      "geometry": {
        "type": "Point",
        "coordinates": [21.4232268, 41.9948867]
      },
      "id": "node/411008299"
    },
    {
      "type": "Feature",
      "properties": {
        "@id": "node/411008532",
        "amenity": "cafe",
        "name": "AMG"
      },
      "geometry": {
        "type": "Point",
        "coordinates": [21.4230113, 41.9948604]
      },
      "id": "node/411008532"
    },
    {
      "type": "Feature",
      "properties": {
        "@id": "node/411009859",
        "addr:housenumber": "24",
        "addr:street": "Dimitrija Cupovski",
        "amenity": "cafe",
        "name": "Strip"
      },
      "geometry": {
        "type": "Point",
        "coordinates": [21.4253358, 41.9955693]
      },
      "id": "node/411009859"
    },
    {
      "type": "Feature",
      "properties": {
        "@id": "node/411010191",
        "amenity": "nightclub",
        "name": "Клуб Авенија",
        "name:en": "Club Avenue"
      },
      "geometry": {
        "type": "Point",
        "coordinates": [21.4268858, 41.9956368]
      },
      "id": "node/411010191"
    },
    {
      "type": "Feature",
      "properties": {
        "@id": "node/441057694",
        "amenity": "cafe",
        "indoor_seating": "yes",
        "name": "Fresh Kantina",
        "outdoor_seating": "yes"
      },
      "geometry": {
        "type": "Point",
        "coordinates": [21.4081572, 42.0051951]
      },
      "id": "node/441057694"
    },
    {
      "type": "Feature",
      "properties": {
        "@id": "way/445237139",
        "amenity": "restaurant",
        "building": "yes",
        "check_date": "2023-08-31",
        "name": "Ла Тана",
        "@geometry": "center"
      },
      "geometry": {
        "type": "Point",
        "coordinates": [21.4391941, 41.9895322]
      },
      "id": "way/445237139"
    },
    {
      "type": "Feature",
      "properties": {
        "@id": "way/445237140",
        "amenity": "restaurant",
        "building": "yes",
        "name": "Амиго",
        "@geometry": "center"
      },
      "geometry": {
        "type": "Point",
        "coordinates": [21.4394294, 41.9897235]
      },
      "id": "way/445237140"
    },
    {
      "type": "Feature",
      "properties": {
        "@id": "way/445237144",
        "amenity": "restaurant",
        "building": "yes",
        "cuisine": "regional",
        "name": "Кај Злате",
        "@geometry": "center"
      },
      "geometry": {
        "type": "Point",
        "coordinates": [21.4393643, 41.989645]
      },
      "id": "way/445237144"
    },
    {
      "type": "Feature",
      "properties": {
        "@id": "way/445837935",
        "alt_name": "Galerija 7",
        "amenity": "restaurant",
        "building": "yes",
        "cuisine": "turkish",
        "int_name": "Galerry 7",
        "name": "Галерија 7",
        "@geometry": "center"
      },
      "geometry": {
        "type": "Point",
        "coordinates": [21.4379661, 42.0011507]
      },
      "id": "way/445837935"
    },
    {
      "type": "Feature",
      "properties": {
        "@id": "way/445839712",
        "amenity": "restaurant",
        "building": "yes",
        "name": "Лезет",
        "@geometry": "center"
      },
      "geometry": {
        "type": "Point",
        "coordinates": [21.4428066, 41.9923648]
      },
      "id": "way/445839712"
    },
    {
      "type": "Feature",
      "properties": {
        "@id": "node/445893304",
        "addr:city": "Скопје",
        "addr:city:en": "Skopje",
        "addr:country": "MK",
        "addr:housenumber": "67",
        "addr:postcode": "1000",
        "addr:street": "Митрополит Теодосиј Гологанов",
        "addr:street:en": "Mitroplit Teodosij Gologanov",
        "amenity": "bar",
        "cuisine": "international",
        "name": "нола Бар",
        "name:en": "Nola Bar",
        "opening_hours": "Mo-Fr 09:00-24:00; Sa,Su 00:00-01:00,09:00-24:00",
        "outdoor_seating": "yes",
        "phone": "+389 2 2444542",
        "smoking": "separated",
        "website": "http://hotelimakedonija.com.mk/en/Restaurant/1073/In-Vino-Restaurant"
      },
      "geometry": {
        "type": "Point",
        "coordinates": [21.4138028, 41.9947703]
      },
      "id": "node/445893304"
    },
    {
      "type": "Feature",
      "properties": {
        "@id": "node/459668143",
        "amenity": "restaurant",
        "name": "Под Кале"
      },
      "geometry": {
        "type": "Point",
        "coordinates": [21.4307036, 42.0047876]
      },
      "id": "node/459668143"
    },
    {
      "type": "Feature",
      "properties": {
        "@id": "node/459668914",
        "amenity": "restaurant",
        "cuisine": "italian",
        "email": "contact@restorangino.mk",
        "level": "1",
        "name": "Кај Џино",
        "name:en": "Gino",
        "opening_hours": "Mo 08:00-24:00, Tu,We,Fr,Sa 09:00-24:00, Th 09:00-23:00, Su 09:00-01:00",
        "outdoor_seating": "yes",
        "phone": "+389 2 3121109",
        "sells:ice_cream": "yes",
        "smoking": "outside",
        "website": "http://www.restorangino.mk/"
      },
      "geometry": {
        "type": "Point",
        "coordinates": [21.434043, 41.9943792]
      },
      "id": "node/459668914"
    },
    {
      "type": "Feature",
      "properties": {
        "@id": "node/459669063",
        "addr:city": "Cкoпje",
        "addr:city:en": "Skopje",
        "addr:country": "MK",
        "addr:housename": "Gradski Trgovski Centar Skopje",
        "addr:postcode": "1000",
        "addr:street": "Кеј 13 Ноември",
        "addr:street:en": "Kay 13th November",
        "amenity": "restaurant",
        "check_date": "2024-09-30",
        "cuisine": "latin_american",
        "indoor_seating": "yes",
        "int_name": "Plaza de Toros",
        "name": "Плаза де Торос",
        "outdoor_seating": "yes"
      },
      "geometry": {
        "type": "Point",
        "coordinates": [21.4350466, 41.995273]
      },
      "id": "node/459669063"
    },
    {
      "type": "Feature",
      "properties": {
        "@id": "node/459670767",
        "addr:city": "Скопје",
        "addr:postcode": "1000",
        "addr:street": "Македонија",
        "amenity": "cafe",
        "location": "Center",
        "name": "Caffe Skopje",
        "opening_hours": "Mo-Su 08:00-23:00"
      },
      "geometry": {
        "type": "Point",
        "coordinates": [21.4309529, 41.9952588]
      },
      "id": "node/459670767"
    },
    {
      "type": "Feature",
      "properties": {
        "@id": "node/459673240",
        "amenity": "cafe",
        "name": "9"
      },
      "geometry": {
        "type": "Point",
        "coordinates": [21.4162239, 41.9934306]
      },
      "id": "node/459673240"
    },
    {
      "type": "Feature",
      "properties": {
        "@id": "node/459752642",
        "amenity": "cafe",
        "location": "Center",
        "name": "Bistro Opera Pub",
        "opening_hours": "24/7"
      },
      "geometry": {
        "type": "Point",
        "coordinates": [21.4373453, 41.9984414]
      },
      "id": "node/459752642"
    },
    {
      "type": "Feature",
      "properties": {
        "@id": "node/459801246",
        "amenity": "cafe",
        "name": "Мартини"
      },
      "geometry": {
        "type": "Point",
        "coordinates": [21.400023, 42.0031973]
      },
      "id": "node/459801246"
    },
    {
      "type": "Feature",
      "properties": {
        "@id": "node/459802458",
        "amenity": "cafe",
        "name": "Бугати",
        "name:en": "Bugatti"
      },
      "geometry": {
        "type": "Point",
        "coordinates": [21.4159604, 42.0047028]
      },
      "id": "node/459802458"
    },
    {
      "type": "Feature",
      "properties": {
        "@id": "way/464318714",
        "addr:city": "Cкoпje",
        "amenity": "fast_food",
        "building": "yes",
        "cuisine": "burger",
        "int_name": "Teteks",
        "name": "Тетекс",
        "opening_hours": "Mo-Sa 08:00-01:00, Su 08:00-24:00",
        "operator": "Teteks",
        "takeaway": "only",
        "wheelchair": "limited",
        "@geometry": "center"
      },
      "geometry": {
        "type": "Point",
        "coordinates": [21.4365647, 41.9947102]
      },
      "id": "way/464318714"
    },
    {
      "type": "Feature",
      "properties": {
        "@id": "way/467607832",
        "addr:street": "Сараевска",
        "amenity": "restaurant",
        "building": "yes",
        "name": "Erdi",
        "@geometry": "center"
      },
      "geometry": {
        "type": "Point",
        "coordinates": [21.4458856, 42.011451]
      },
      "id": "way/467607832"
    },
    {
      "type": "Feature",
      "properties": {
        "@id": "way/467607833",
        "addr:street": "Сараевска",
        "amenity": "restaurant",
        "building": "yes",
        "name": "Vesa",
        "@geometry": "center"
      },
      "geometry": {
        "type": "Point",
        "coordinates": [21.4465924, 42.0111566]
      },
      "id": "way/467607833"
    },
    {
      "type": "Feature",
      "properties": {
        "@id": "way/467607834",
        "addr:street": "Сараевска",
        "amenity": "restaurant",
        "building": "hotel",
        "name": "Alba",
        "@geometry": "center"
      },
      "geometry": {
        "type": "Point",
        "coordinates": [21.445248, 42.011735]
      },
      "id": "way/467607834"
    },
    {
      "type": "Feature",
      "properties": {
        "@id": "node/470916907",
        "amenity": "fast_food",
        "check_date": "2024-10-04",
        "name": "Жито Леб",
        "shop": "bakery"
      },
      "geometry": {
        "type": "Point",
        "coordinates": [21.4268596, 42.0003611]
      },
      "id": "node/470916907"
    },
    {
      "type": "Feature",
      "properties": {
        "@id": "way/471096720",
        "amenity": "restaurant",
        "building": "yes",
        "name": "Dielli",
        "@geometry": "center"
      },
      "geometry": {
        "type": "Point",
        "coordinates": [21.4353613, 42.0082074]
      },
      "id": "way/471096720"
    },
    {
      "type": "Feature",
      "properties": {
        "@id": "way/471105231",
        "addr:street": "Пере Тошев",
        "amenity": "restaurant",
        "building": "yes",
        "name": "Golden Mili",
        "@geometry": "center"
      },
      "geometry": {
        "type": "Point",
        "coordinates": [21.4358749, 42.011987]
      },
      "id": "way/471105231"
    },
    {
      "type": "Feature",
      "properties": {
        "@id": "way/476186155",
        "amenity": "restaurant",
        "building": "yes",
        "cuisine": "regional",
        "delivery": "no",
        "name": "Гостилница Мерак",
        "opening_hours": "Mo-Th 08:00-24:00, Fr,Sa 08:00-01:00; Su off",
        "takeaway": "no",
        "@geometry": "center"
      },
      "geometry": {
        "type": "Point",
        "coordinates": [21.4792172, 42.0034115]
      },
      "id": "way/476186155"
    },
    {
      "type": "Feature",
      "properties": {
        "@id": "way/476221803",
        "addr:city": "Скопје",
        "amenity": "restaurant",
        "building": "yes",
        "craft": "winery",
        "int_name": "Kamnik Vinarija",
        "mobile": "+38970343488",
        "name": "Камник Винарија",
        "name:en": "Kamnik Winery",
        "phone": "070343488",
        "tourism": "wine_cellar",
        "website": "https://chateaukamnik.com/",
        "@geometry": "center"
      },
      "geometry": {
        "type": "Point",
        "coordinates": [21.4904281, 42.0078767]
      },
      "id": "way/476221803"
    },
    {
      "type": "Feature",
      "properties": {
        "@id": "way/477026719",
        "amenity": "restaurant",
        "building": "yes",
        "capacity": "30",
        "cuisine": "regional",
        "delivery": "no",
        "name": "Читална",
        "name:en": "Chitalna",
        "smoking": "outside",
        "@geometry": "center"
      },
      "geometry": {
        "type": "Point",
        "coordinates": [21.4220948, 42.0023255]
      },
      "id": "way/477026719"
    },
    {
      "type": "Feature",
      "properties": {
        "@id": "way/477026720",
        "addr:housenumber": "101",
        "addr:postcode": "1000",
        "addr:street": "Орце Николов",
        "amenity": "bar",
        "building": "yes",
        "name": "џубокс",
        "name:en": "juboks",
        "name:mk": "џубокс",
        "@geometry": "center"
      },
      "geometry": {
        "type": "Point",
        "coordinates": [21.4220856, 42.0013395]
      },
      "id": "way/477026720"
    },
    {
      "type": "Feature",
      "properties": {
        "@id": "way/477026724",
        "amenity": "restaurant",
        "building": "yes",
        "cuisine": "regional",
        "int_name": "Cardak",
        "name": "Чардак",
        "name:en": "Chardak",
        "outdoor_seating": "yes",
        "@geometry": "center"
      },
      "geometry": {
        "type": "Point",
        "coordinates": [21.4221789, 42.0020432]
      },
      "id": "way/477026724"
    },
    {
      "type": "Feature",
      "properties": {
        "@id": "way/477325812",
        "amenity": "pub",
        "building": "yes",
        "name": "Стоби",
        "outdoor_seating": "yes",
        "@geometry": "center"
      },
      "geometry": {
        "type": "Point",
        "coordinates": [21.4208744, 42.0006111]
      },
      "id": "way/477325812"
    },
    {
      "type": "Feature",
      "properties": {
        "@id": "way/477325815",
        "amenity": "restaurant",
        "building": "yes",
        "name": "Дебар Маало",
        "@geometry": "center"
      },
      "geometry": {
        "type": "Point",
        "coordinates": [21.420484, 42.0015901]
      },
      "id": "way/477325815"
    },
    {
      "type": "Feature",
      "properties": {
        "@id": "way/477325816",
        "addr:city": "Cкoпje",
        "addr:city:en": "Skopje",
        "addr:country": "MK",
        "addr:housenumber": "3",
        "addr:postcode": "1000",
        "addr:street": "Отон Жупанчич",
        "amenity": "restaurant",
        "building": "yes",
        "cuisine": "regional",
        "email": "gurmet@restorani.com.mk",
        "int_name": "Gurmet",
        "name": "Гурмет",
        "opening_hours": "09:00-24:00, Fr-Sa 09:00-01:00",
        "payment:maestro": "yes",
        "payment:mastercard": "yes",
        "payment:visa": "yes",
        "@geometry": "center"
      },
      "geometry": {
        "type": "Point",
        "coordinates": [21.4209448, 42.0012484]
      },
      "id": "way/477325816"
    },
    {
      "type": "Feature",
      "properties": {
        "@id": "way/477325818",
        "addr:city": "Cкoпje",
        "addr:housenumber": "87",
        "addr:postcode": "1000",
        "addr:street": "Мирослав Крлежа",
        "amenity": "restaurant",
        "building": "yes",
        "name": "Наџак",
        "@geometry": "center"
      },
      "geometry": {
        "type": "Point",
        "coordinates": [21.421471, 42.0014089]
      },
      "id": "way/477325818"
    },
    {
      "type": "Feature",
      "properties": {
        "@id": "way/477325822",
        "addr:housenumber": "97",
        "addr:postcode": "1000",
        "addr:street": "Орце Николов",
        "amenity": "cafe",
        "building": "yes",
        "food": "no",
        "indoor_seating": "yes",
        "int_name": "Syndicat",
        "internet_access": "yes",
        "name": "Синдикат",
        "name:en": "Sindikat",
        "old_name": "Superfly",
        "opening_hours": "Mo-Su 09:00-01:00",
        "outdoor_seating": "yes",
        "source": "http://www.facebook.com/pages/Superfly/197275136957276?sk=info",
        "wifi": "yes",
        "@geometry": "center"
      },
      "geometry": {
        "type": "Point",
        "coordinates": [21.4224136, 42.0013472]
      },
      "id": "way/477325822"
    },
    {
      "type": "Feature",
      "properties": {
        "@id": "way/477325824",
        "addr:city": "Cкoпje",
        "addr:city:en": "Skopje",
        "addr:country": "MK",
        "addr:housename": "Џубокс",
        "addr:housenumber": "99",
        "addr:postcode": "1000",
        "addr:street": "Орце Николов",
        "amenity": "nightclub",
        "building": "yes",
        "name": "Џубокс",
        "name:en": "Jukebox",
        "opening_hours": "22:00-04:00",
        "@geometry": "center"
      },
      "geometry": {
        "type": "Point",
        "coordinates": [21.4222715, 42.001375]
      },
      "id": "way/477325824"
    },
    {
      "type": "Feature",
      "properties": {
        "@id": "way/477325826",
        "amenity": "fast_food",
        "automated": "no",
        "building": "yes",
        "name": "Ganzoni",
        "service": "wheel_repair",
        "shop": "tyres",
        "@geometry": "center"
      },
      "geometry": {
        "type": "Point",
        "coordinates": [21.4223869, 42.0022738]
      },
      "id": "way/477325826"
    },
    {
      "type": "Feature",
      "properties": {
        "@id": "way/477325827",
        "amenity": "restaurant",
        "building": "yes",
        "int_name": "Čamo",
        "name": "Чамо",
        "name:en": "Chamo",
        "@geometry": "center"
      },
      "geometry": {
        "type": "Point",
        "coordinates": [21.4220787, 42.0021419]
      },
      "id": "way/477325827"
    },
    {
      "type": "Feature",
      "properties": {
        "@id": "way/477325830",
        "addr:housenumber": "4",
        "addr:street": "Ѓорѓи Пешков",
        "alt_name": "Ганза",
        "amenity": "restaurant",
        "building": "yes",
        "int_name": "Ganza",
        "name": "Ganza",
        "@geometry": "center"
      },
      "geometry": {
        "type": "Point",
        "coordinates": [21.4222887, 42.0021744]
      },
      "id": "way/477325830"
    },
    {
      "type": "Feature",
      "properties": {
        "@id": "way/477325836",
        "addr:city": "Cкoпje",
        "addr:country": "MK",
        "addr:housenumber": "53",
        "addr:postcode": "1000",
        "addr:street": "Дебарца",
        "amenity": "restaurant",
        "building": "yes",
        "cuisine": "regional",
        "name": "Antica",
        "outdoor_seating": "yes",
        "@geometry": "center"
      },
      "geometry": {
        "type": "Point",
        "coordinates": [21.4194825, 42.0012248]
      },
      "id": "way/477325836"
    },
    {
      "type": "Feature",
      "properties": {
        "@id": "way/477332495",
        "addr:street": "Рајко Жинзифов",
        "amenity": "cafe",
        "building": "yes",
        "name": "Цреша Бар",
        "name:en": "Bar Cherry",
        "name:mk": "Cresha Bar",
        "@geometry": "center"
      },
      "geometry": {
        "type": "Point",
        "coordinates": [21.418803, 41.9986791]
      },
      "id": "way/477332495"
    },
    {
      "type": "Feature",
      "properties": {
        "@id": "way/477333714",
        "addr:city": "Skopje",
        "addr:housenumber": "79",
        "addr:postcode": "1000",
        "addr:street": "Наум Наумовски Борче",
        "amenity": "bar",
        "building": "yes",
        "description": "Print/Copy Shop",
        "name": "Krug",
        "opening_hours": "PH,Mo-Su 09:00-24:00",
        "shop": "copyshop",
        "smoking": "isolated",
        "@geometry": "center"
      },
      "geometry": {
        "type": "Point",
        "coordinates": [21.4229272, 41.9998129]
      },
      "id": "way/477333714"
    },
    {
      "type": "Feature",
      "properties": {
        "@id": "way/477338128",
        "addr:housenumber": "5",
        "addr:postcode": "1000",
        "addr:street": "Борка Талески",
        "amenity": "fast_food",
        "building": "yes",
        "building:levels": "1",
        "cuisine": "burger",
        "name": "7",
        "opening_hours": "Mo-Th 08:00-23:00; Fr,Sa 08:00-24:00",
        "phone": "38972529785;38923211914",
        "website": "https://www.7.mk/",
        "@geometry": "center"
      },
      "geometry": {
        "type": "Point",
        "coordinates": [21.4234163, 41.9973995]
      },
      "id": "way/477338128"
    },
    {
      "type": "Feature",
      "properties": {
        "@id": "way/477338129",
        "amenity": "fast_food",
        "building": "yes",
        "check_date": "2025-01-01",
        "name": "7",
        "name:en": "7",
        "name:mk": "7",
        "@geometry": "center"
      },
      "geometry": {
        "type": "Point",
        "coordinates": [21.4235545, 41.9974066]
      },
      "id": "way/477338129"
    },
    {
      "type": "Feature",
      "properties": {
        "@id": "way/477338130",
        "amenity": "fast_food",
        "building": "yes",
        "cuisine": "greek",
        "name": "Like Gyros",
        "@geometry": "center"
      },
      "geometry": {
        "type": "Point",
        "coordinates": [21.4238302, 41.9973774]
      },
      "id": "way/477338130"
    },
    {
      "type": "Feature",
      "properties": {
        "@id": "way/477342114",
        "amenity": "cafe",
        "building": "yes",
        "name": "Скандал",
        "@geometry": "center"
      },
      "geometry": {
        "type": "Point",
        "coordinates": [21.4212543, 41.994706]
      },
      "id": "way/477342114"
    },
    {
      "type": "Feature",
      "properties": {
        "@id": "way/477342115",
        "amenity": "cafe",
        "building": "yes",
        "int_name": "Light Cafe",
        "name": "Лајт кафе",
        "@geometry": "center"
      },
      "geometry": {
        "type": "Point",
        "coordinates": [21.4209868, 41.994676]
      },
      "id": "way/477342115"
    },
    {
      "type": "Feature",
      "properties": {
        "@id": "way/477540171",
        "addr:city": "Cкoпje",
        "addr:street": "Булевар Александар Македонски",
        "amenity": "restaurant",
        "building": "yes",
        "diet:local": "yes",
        "diet:meat": "yes",
        "diet:mediterranean": "yes",
        "name": "Муровска меана",
        "old_name": "Смок",
        "opening_hours": "08:00-24:00",
        "@geometry": "center"
      },
      "geometry": {
        "type": "Point",
        "coordinates": [21.4580103, 42.0007359]
      },
      "id": "way/477540171"
    },
    {
      "type": "Feature",
      "properties": {
        "@id": "node/481098096",
        "amenity": "restaurant",
        "cuisine": "italian",
        "name": "Енрико"
      },
      "geometry": {
        "type": "Point",
        "coordinates": [21.3995191, 42.0031464]
      },
      "id": "node/481098096"
    },
    {
      "type": "Feature",
      "properties": {
        "@id": "way/488118852",
        "addr:city": "Cкoпje",
        "addr:postcode": "1000",
        "addr:street": "Булевар Јане Сандански",
        "amenity": "cafe",
        "building": "yes",
        "building:levels": "2",
        "disused": "yes",
        "internet_access": "yes",
        "name": "Trend",
        "opening_hours": "closed",
        "outdoor_seating": "yes",
        "@geometry": "center"
      },
      "geometry": {
        "type": "Point",
        "coordinates": [21.4642278, 41.986065]
      },
      "id": "way/488118852"
    },
    {
      "type": "Feature",
      "properties": {
        "@id": "way/490524592",
        "amenity": "restaurant",
        "building": "yes",
        "building:levels": "2",
        "name": "Антигона",
        "name:en": "Antigona",
        "@geometry": "center"
      },
      "geometry": {
        "type": "Point",
        "coordinates": [21.3741043, 41.9759954]
      },
      "id": "way/490524592"
    },
    {
      "type": "Feature",
      "properties": {
        "@id": "way/496423191",
        "amenity": "cafe",
        "building": "roof",
        "name": "La Cafetaria",
        "outdoor_seating": "yes",
        "@geometry": "center"
      },
      "geometry": {
        "type": "Point",
        "coordinates": [21.4066354, 42.0063746]
      },
      "id": "way/496423191"
    },
    {
      "type": "Feature",
      "properties": {
        "@id": "way/496423192",
        "addr:city": "Cкoпje",
        "addr:housenumber": "18",
        "addr:postcode": "1000",
        "addr:street": "Булевар 8-ми Септември",
        "amenity": "restaurant",
        "building": "roof",
        "name": "Барбакан",
        "name:en": "Barbakan",
        "opening_hours": "08:00-01:00",
        "outdoor_seating": "yes",
        "@geometry": "center"
      },
      "geometry": {
        "type": "Point",
        "coordinates": [21.4065126, 42.0062747]
      },
      "id": "way/496423192"
    },
    {
      "type": "Feature",
      "properties": {
        "@id": "way/508498676",
        "amenity": "nightclub",
        "building": "yes",
        "name": "Сектор 909",
        "@geometry": "center"
      },
      "geometry": {
        "type": "Point",
        "coordinates": [21.4296748, 42.0066094]
      },
      "id": "way/508498676"
    },
    {
      "type": "Feature",
      "properties": {
        "@id": "way/542428715",
        "amenity": "fast_food",
        "building": "yes",
        "name": "Ренде",
        "name:en": "Rende",
        "@geometry": "center"
      },
      "geometry": {
        "type": "Point",
        "coordinates": [21.3863307, 42.0055379]
      },
      "id": "way/542428715"
    },
    {
      "type": "Feature",
      "properties": {
        "@id": "way/547074226",
        "amenity": "restaurant",
        "building": "yes",
        "indoor_seating": "yes",
        "name": "4 Angeli",
        "opening_hours": "Mo-Sa 08:00-24:00",
        "outdoor_seating": "yes",
        "@geometry": "center"
      },
      "geometry": {
        "type": "Point",
        "coordinates": [21.4121662, 42.0048265]
      },
      "id": "way/547074226"
    },
    {
      "type": "Feature",
      "properties": {
        "@id": "node/553425017",
        "addr:city": "Скопје",
        "addr:housenumber": "2/4",
        "addr:postcode": "1000",
        "addr:street": "Никола Вапцаров",
        "amenity": "pub",
        "check_date": "2024-05-21",
        "name": "London Pub",
        "name:mk": "Паб „Лондон“",
        "operator": "Македонијатурист"
      },
      "geometry": {
        "type": "Point",
        "coordinates": [21.4302534, 41.9957302]
      },
      "id": "node/553425017"
    },
    {
      "type": "Feature",
      "properties": {
        "@id": "way/553831588",
        "addr:city": "Cкoпje",
        "addr:postcode": "1000",
        "addr:street": "Шекспирова",
        "amenity": "cafe",
        "name": "Драмски Кафе Бар",
        "name:en": "Dramski Coffee Bar",
        "outdoor_seating": "yes",
        "smoking": "outside",
        "@geometry": "center"
      },
      "geometry": {
        "type": "Point",
        "coordinates": [21.4074756, 42.0022389]
      },
      "id": "way/553831588"
    },
    {
      "type": "Feature",
      "properties": {
        "@id": "node/577538782",
        "amenity": "restaurant",
        "name": "Prince"
      },
      "geometry": {
        "type": "Point",
        "coordinates": [21.4349372, 42.0198926]
      },
      "id": "node/577538782"
    },
    {
      "type": "Feature",
      "properties": {
        "@id": "node/600905655",
        "addr:housenumber": "158а",
        "addr:street": "Хелсинки",
        "amenity": "restaurant",
        "name": "Две капки",
        "name:en": "Bosphorus Turkish Restaurant"
      },
      "geometry": {
        "type": "Point",
        "coordinates": [21.3925931, 42.0028178]
      },
      "id": "node/600905655"
    },
    {
      "type": "Feature",
      "properties": {
        "@id": "way/674116575",
        "addr:housenumber": "89",
        "addr:street": "Борис Трајковски",
        "amenity": "restaurant",
        "building": "yes",
        "name": "Ваташа пекара",
        "@geometry": "center"
      },
      "geometry": {
        "type": "Point",
        "coordinates": [21.4919317, 41.9519545]
      },
      "id": "way/674116575"
    },
    {
      "type": "Feature",
      "properties": {
        "@id": "way/674126648",
        "addr:housenumber": "174 А",
        "addr:street": "Борис Трајковски",
        "amenity": "restaurant",
        "building": "yes",
        "name": "Везилка",
        "@geometry": "center"
      },
      "geometry": {
        "type": "Point",
        "coordinates": [21.4691374, 41.9669634]
      },
      "id": "way/674126648"
    },
    {
      "type": "Feature",
      "properties": {
        "@id": "way/674126651",
        "addr:housenumber": "174 А",
        "addr:street": "Борис Трајковски",
        "amenity": "restaurant",
        "building": "yes",
        "name": "Дениција",
        "@geometry": "center"
      },
      "geometry": {
        "type": "Point",
        "coordinates": [21.4691124, 41.9672697]
      },
      "id": "way/674126651"
    },
    {
      "type": "Feature",
      "properties": {
        "@id": "way/674314607",
        "addr:city": "Cкoпje",
        "addr:housenumber": "31",
        "addr:postcode": "1000",
        "addr:street": "Иван Козаров",
        "amenity": "fast_food",
        "building": "yes",
        "cuisine": "pizza",
        "name": "Пицерија Ди Наполи",
        "@geometry": "center"
      },
      "geometry": {
        "type": "Point",
        "coordinates": [21.4392501, 41.9827406]
      },
      "id": "way/674314607"
    },
    {
      "type": "Feature",
      "properties": {
        "@id": "way/686912550",
        "amenity": "restaurant",
        "cuisine": "regional",
        "microbrewery": "yes",
        "name": "Krcma Zuto Kombe",
        "name:en": "The Yellow Kombi",
        "operator": "Temov Brewery",
        "outdoor_seating": "yes",
        "phone": "+389 76 462374",
        "smoking": "outside",
        "website": "https://temovbeer.com/",
        "@geometry": "center"
      },
      "geometry": {
        "type": "Point",
        "coordinates": [21.380393, 42.0258582]
      },
      "id": "way/686912550"
    },
    {
      "type": "Feature",
      "properties": {
        "@id": "node/696669231",
        "amenity": "restaurant",
        "check_date": "2025-07-02",
        "name": "иВ",
        "name:en": "iV"
      },
      "geometry": {
        "type": "Point",
        "coordinates": [21.4368796, 41.9869006]
      },
      "id": "node/696669231"
    },
    {
      "type": "Feature",
      "properties": {
        "@id": "way/838984538",
        "addr:city": "Скопје",
        "addr:housenumber": "6",
        "addr:postcode": "1000",
        "addr:street": "Тодор Чангов 20",
        "amenity": "restaurant",
        "building": "yes",
        "cuisine": "regional",
        "name": "Куц у Кец (Панда)",
        "@geometry": "center"
      },
      "geometry": {
        "type": "Point",
        "coordinates": [21.4852835, 41.9758171]
      },
      "id": "way/838984538"
    },
    {
      "type": "Feature",
      "properties": {
        "@id": "node/908273280",
        "amenity": "bar",
        "name": "Клуб Капан Ан"
      },
      "geometry": {
        "type": "Point",
        "coordinates": [21.4369808, 42.0001669]
      },
      "id": "node/908273280"
    },
    {
      "type": "Feature",
      "properties": {
        "@id": "node/908273433",
        "amenity": "restaurant",
        "cuisine": "regional",
        "name": "Туpиcт",
        "name:en": "Turist"
      },
      "geometry": {
        "type": "Point",
        "coordinates": [21.4367576, 42.0003099]
      },
      "id": "node/908273433"
    },
    {
      "type": "Feature",
      "properties": {
        "@id": "node/933634409",
        "amenity": "fast_food",
        "name": "Fast food 7",
        "opening_hours": "Mo-Th 08:00-23:00; Fr 08:00-24:00; Sa 13:00-23:00"
      },
      "geometry": {
        "type": "Point",
        "coordinates": [21.4596998, 41.9895435]
      },
      "id": "node/933634409"
    },
    {
      "type": "Feature",
      "properties": {
        "@id": "way/1013173075",
        "amenity": "restaurant",
        "building": "yes",
        "int_name": "Restoran za svadbi La Tana",
        "name": "Ресторан за свадби Ла Тана",
        "phone": "+38978200544",
        "@geometry": "center"
      },
      "geometry": {
        "type": "Point",
        "coordinates": [21.4847695, 42.0085713]
      },
      "id": "way/1013173075"
    },
    {
      "type": "Feature",
      "properties": {
        "@id": "way/1076264101",
        "amenity": "biergarten",
        "building": "commercial",
        "name": "Zelenika",
        "opening_hours": "10:00-18:00",
        "@geometry": "center"
      },
      "geometry": {
        "type": "Point",
        "coordinates": [21.4095359, 41.9748806]
      },
      "id": "way/1076264101"
    },
    {
      "type": "Feature",
      "properties": {
        "@id": "way/1301506398",
        "addr:housenumber": "50",
        "addr:street": "Булевар Србија",
        "alt_name": "Kentucky Fried Chicken",
        "amenity": "fast_food",
        "brand": "KFC",
        "brand:wikidata": "Q524757",
        "building": "yes",
        "cuisine": "chicken",
        "drive_through": "yes",
        "name": "КФЦ - Ново Лисиче",
        "name:en": "KFC - Novo Lisiche",
        "opening_hours": "Mo-Su 10:00-23:55",
        "operator": "KFC",
        "takeaway": "yes",
        "website": "https://kfc-mk.com/",
        "@geometry": "center"
      },
      "geometry": {
        "type": "Point",
        "coordinates": [21.4742044, 41.9879184]
      },
      "id": "way/1301506398"
    },
    {
      "type": "Feature",
      "properties": {
        "@id": "way/1306526920",
        "amenity": "cafe",
        "name": "Greenhill",
        "@geometry": "center"
      },
      "geometry": {
        "type": "Point",
        "coordinates": [21.3796775, 41.9831659]
      },
      "id": "way/1306526920"
    },
    {
      "type": "Feature",
      "properties": {
        "@id": "way/1309323498",
        "addr:city": "Cкoпje",
        "addr:street": "Ацо Шопов",
        "amenity": "restaurant",
        "building": "yes",
        "cuisine": "regional",
        "diet:local": "yes",
        "diet:meat": "yes",
        "name": "VIVA KAFANA",
        "@geometry": "center"
      },
      "geometry": {
        "type": "Point",
        "coordinates": [21.3741764, 42.0103819]
      },
      "id": "way/1309323498"
    },
    {
      "type": "Feature",
      "properties": {
        "@id": "way/1309324298",
        "addr:city": "Скопје",
        "addr:street": "Ацо Шопов",
        "amenity": "restaurant",
        "building": "yes",
        "cuisine": "regional",
        "diet:local": "yes",
        "diet:meat": "yes",
        "name": "KAJ 61 KAFANA",
        "@geometry": "center"
      },
      "geometry": {
        "type": "Point",
        "coordinates": [21.3738425, 42.0103117]
      },
      "id": "way/1309324298"
    },
    {
      "type": "Feature",
      "properties": {
        "@id": "way/1312209935",
        "amenity": "cafe",
        "building": "yes",
        "name": "Trend",
        "@geometry": "center"
      },
      "geometry": {
        "type": "Point",
        "coordinates": [21.39066, 42.0043708]
      },
      "id": "way/1312209935"
    },
    {
      "type": "Feature",
      "properties": {
        "@id": "way/1312209937",
        "amenity": "restaurant",
        "building": "yes",
        "cuisine": "mexican",
        "name": "Amigos",
        "@geometry": "center"
      },
      "geometry": {
        "type": "Point",
        "coordinates": [21.3907044, 42.0047995]
      },
      "id": "way/1312209937"
    },
    {
      "type": "Feature",
      "properties": {
        "@id": "way/1312288107",
        "amenity": "restaurant",
        "building": "yes",
        "name": "Beer Garden",
        "@geometry": "center"
      },
      "geometry": {
        "type": "Point",
        "coordinates": [21.4203697, 42.000975]
      },
      "id": "way/1312288107"
    },
    {
      "type": "Feature",
      "properties": {
        "@id": "way/1312338866",
        "amenity": "bar",
        "building": "yes",
        "name": "Менхетен",
        "@geometry": "center"
      },
      "geometry": {
        "type": "Point",
        "coordinates": [21.5174595, 41.9382011]
      },
      "id": "way/1312338866"
    },
    {
      "type": "Feature",
      "properties": {
        "@id": "way/1312338868",
        "amenity": "restaurant",
        "building": "yes",
        "cuisine": "pizza",
        "name": "Лагондола",
        "@geometry": "center"
      },
      "geometry": {
        "type": "Point",
        "coordinates": [21.5172097, 41.9380869]
      },
      "id": "way/1312338868"
    },
    {
      "type": "Feature",
      "properties": {
        "@id": "way/1312338871",
        "amenity": "bar",
        "building": "yes",
        "name": "Даст",
        "@geometry": "center"
      },
      "geometry": {
        "type": "Point",
        "coordinates": [21.5168983, 41.9382423]
      },
      "id": "way/1312338871"
    },
    {
      "type": "Feature",
      "properties": {
        "@id": "way/1312865760",
        "amenity": "restaurant",
        "building": "yes",
        "name": "Бела",
        "@geometry": "center"
      },
      "geometry": {
        "type": "Point",
        "coordinates": [21.5165841, 41.9384278]
      },
      "id": "way/1312865760"
    },
    {
      "type": "Feature",
      "properties": {
        "@id": "way/1312865763",
        "amenity": "restaurant",
        "building": "yes",
        "name": "Дениел",
        "@geometry": "center"
      },
      "geometry": {
        "type": "Point",
        "coordinates": [21.5164148, 41.9383942]
      },
      "id": "way/1312865763"
    },
    {
      "type": "Feature",
      "properties": {
        "@id": "way/1312865765",
        "amenity": "restaurant",
        "building": "yes",
        "name": "Ем Мер",
        "@geometry": "center"
      },
      "geometry": {
        "type": "Point",
        "coordinates": [21.5163041, 41.9384337]
      },
      "id": "way/1312865765"
    },
    {
      "type": "Feature",
      "properties": {
        "@id": "way/1313592186",
        "amenity": "fast_food",
        "building": "yes",
        "cuisine": "kebab",
        "name": "Plaset",
        "@geometry": "center"
      },
      "geometry": {
        "type": "Point",
        "coordinates": [21.4208755, 41.9992911]
      },
      "id": "way/1313592186"
    },
    {
      "type": "Feature",
      "properties": {
        "@id": "way/1314213780",
        "amenity": "bar",
        "building": "yes",
        "name": "Makka",
        "@geometry": "center"
      },
      "geometry": {
        "type": "Point",
        "coordinates": [21.4246403, 41.99592]
      },
      "id": "way/1314213780"
    },
    {
      "type": "Feature",
      "properties": {
        "@id": "way/1319610816",
        "amenity": "fast_food",
        "building": "yes",
        "cuisine": "chicken",
        "name": "Петле",
        "name:en": "Petle",
        "@geometry": "center"
      },
      "geometry": {
        "type": "Point",
        "coordinates": [21.4176899, 42.0001189]
      },
      "id": "way/1319610816"
    },
    {
      "type": "Feature",
      "properties": {
        "@id": "way/1320400926",
        "amenity": "cafe",
        "building": "yes",
        "name": "Ria's Restaurant & Bar",
        "@geometry": "center"
      },
      "geometry": {
        "type": "Point",
        "coordinates": [21.4139099, 42.0071015]
      },
      "id": "way/1320400926"
    },
    {
      "type": "Feature",
      "properties": {
        "@id": "way/1325830626",
        "amenity": "cafe",
        "building": "yes",
        "cuisine": "coffee_shop",
        "drive_through": "yes",
        "name": "Автокафе Ту гоу",
        "name:en": "Avtokafe To Go",
        "@geometry": "center"
      },
      "geometry": {
        "type": "Point",
        "coordinates": [21.4768278, 41.9961851]
      },
      "id": "way/1325830626"
    },
    {
      "type": "Feature",
      "properties": {
        "@id": "way/1327652939",
        "amenity": "cafe",
        "building": "yes",
        "name": "Broz Cafe",
        "name:mk": "Броз Кафе",
        "@geometry": "center"
      },
      "geometry": {
        "type": "Point",
        "coordinates": [21.41682, 42.0001334]
      },
      "id": "way/1327652939"
    },
    {
      "type": "Feature",
      "properties": {
        "@id": "node/1355292490",
        "amenity": "cafe",
        "name": "Кафе Змија"
      },
      "geometry": {
        "type": "Point",
        "coordinates": [21.417262, 42.0009888]
      },
      "id": "node/1355292490"
    },
    {
      "type": "Feature",
      "properties": {
        "@id": "node/1355306911",
        "addr:housenumber": "2",
        "addr:street": "Благој Давков",
        "amenity": "cafe",
        "cuisine": "coffee_shop",
        "name": "Кафе Филипос"
      },
      "geometry": {
        "type": "Point",
        "coordinates": [21.4175044, 42.0007963]
      },
      "id": "node/1355306911"
    },
    {
      "type": "Feature",
      "properties": {
        "@id": "node/1355330790",
        "amenity": "pub",
        "internet_access": "wlan",
        "name": "Кафе Кино Карпош",
        "opening_hours": "Mo-Th 08:00-00:00; Fr 08:00-01:00; Sa 08:00-01:00; Su 09:30-01:00",
        "phone": "+389 2 321 3515",
        "website": "http://kinokarpos.mk"
      },
      "geometry": {
        "type": "Point",
        "coordinates": [21.4175412, 42.0011509]
      },
      "id": "node/1355330790"
    },
    {
      "type": "Feature",
      "properties": {
        "@id": "node/1355336585",
        "amenity": "fast_food",
        "cuisine": "sandwich",
        "name": "Сендвичара Попе"
      },
      "geometry": {
        "type": "Point",
        "coordinates": [21.4173939, 42.0008922]
      },
      "id": "node/1355336585"
    },
    {
      "type": "Feature",
      "properties": {
        "@id": "way/1366553426",
        "addr:city": "Skopje",
        "addr:street": "Јордан Хаџиконстантинов Џинот",
        "alt_name": "Жабарот",
        "amenity": "restaurant",
        "building": "yes",
        "cuisine": "salad;steak_house;chicken;kebab",
        "int_name": "Kaj Zhabar",
        "name": "Кај Жабар",
        "name:en": "At Frogman Grill Restaurant",
        "name:it": "Ristorante griglieria Zhabar",
        "opening_hours": "Mo-Sa 08:00-00:00",
        "phone": "+38923132411",
        "website": "https://restaurantguru.com/Zhabar-Grill-Restaurant-Skopje/menu",
        "@geometry": "center"
      },
      "geometry": {
        "type": "Point",
        "coordinates": [21.4287406, 42.0013841]
      },
      "id": "way/1366553426"
    },
    {
      "type": "Feature",
      "properties": {
        "@id": "way/1371668511",
        "amenity": "restaurant",
        "building": "yes",
        "int_name": "Kaj Vrshac",
        "name": "Кај Вршац",
        "opening_hours": "Mo-Su 09:00-24:00",
        "phone": "+38923117382",
        "@geometry": "center"
      },
      "geometry": {
        "type": "Point",
        "coordinates": [21.4236281, 42.0054326]
      },
      "id": "way/1371668511"
    },
    {
      "type": "Feature",
      "properties": {
        "@id": "node/1371716593",
        "addr:housenumber": "25",
        "addr:street": "Рузвелтова",
        "amenity": "restaurant",
        "name": "Топаз"
      },
      "geometry": {
        "type": "Point",
        "coordinates": [21.4122694, 41.9979155]
      },
      "id": "node/1371716593"
    },
    {
      "type": "Feature",
      "properties": {
        "@id": "node/1372568001",
        "addr:housenumber": "14",
        "addr:street": "Варшавска",
        "amenity": "restaurant",
        "name": "Веки"
      },
      "geometry": {
        "type": "Point",
        "coordinates": [21.3989291, 42.000855]
      },
      "id": "node/1372568001"
    },
    {
      "type": "Feature",
      "properties": {
        "@id": "way/1374127340",
        "amenity": "cafe",
        "building": "yes",
        "check_date": "2025-01-04",
        "name": "Централ Парк",
        "name:en": "Central Park",
        "@geometry": "center"
      },
      "geometry": {
        "type": "Point",
        "coordinates": [21.4181288, 42.0087026]
      },
      "id": "way/1374127340"
    },
    {
      "type": "Feature",
      "properties": {
        "@id": "way/1375201689",
        "amenity": "restaurant",
        "building": "yes",
        "name": "Bedroom",
        "@geometry": "center"
      },
      "geometry": {
        "type": "Point",
        "coordinates": [21.4390018, 41.988812]
      },
      "id": "way/1375201689"
    },
    {
      "type": "Feature",
      "properties": {
        "@id": "way/1375221508",
        "addr:city": "Скопје",
        "addr:housenumber": "5",
        "addr:postcode": "1000",
        "addr:street": "Улица 20",
        "amenity": "restaurant",
        "cuisine": "macedonian",
        "name": "Ресторан Ореов Лад",
        "name:en": "Restaurant Oreov Lad",
        "phone": "+38975658375",
        "website": "https://oreovlad.com.mk/",
        "@geometry": "center"
      },
      "geometry": {
        "type": "Point",
        "coordinates": [21.3323835, 42.003327]
      },
      "id": "way/1375221508"
    },
    {
      "type": "Feature",
      "properties": {
        "@id": "node/1378130151",
        "amenity": "restaurant",
        "name": "Чешма"
      },
      "geometry": {
        "type": "Point",
        "coordinates": [21.4390455, 41.9841333]
      },
      "id": "node/1378130151"
    },
    {
      "type": "Feature",
      "properties": {
        "@id": "node/1378228324",
        "amenity": "restaurant",
        "name": "Ресторан Трпеза"
      },
      "geometry": {
        "type": "Point",
        "coordinates": [21.4455687, 41.9710708]
      },
      "id": "node/1378228324"
    },
    {
      "type": "Feature",
      "properties": {
        "@id": "node/1378228333",
        "amenity": "restaurant",
        "name": "Ресторан Кум"
      },
      "geometry": {
        "type": "Point",
        "coordinates": [21.4379912, 41.9772623]
      },
      "id": "node/1378228333"
    },
    {
      "type": "Feature",
      "properties": {
        "@id": "node/1380378665",
        "addr:housenumber": "6",
        "addr:postcode": "1000",
        "addr:street": "Римска",
        "amenity": "restaurant",
        "cuisine": "burger;regional;breakfast;grill;mediterranean;balkan;chicken;kebab",
        "email": "dinamic.ksk@gmail.com",
        "indoor_seating": "yes",
        "internet_access": "wlan",
        "name": "Рустикана",
        "name:en": "Rustikana",
        "opening_hours": "Mo-Su 10:00-00:00",
        "operator": "Saso Gligorovski Tate",
        "outdoor_seating": "yes",
        "phone": "+38971383382"
      },
      "geometry": {
        "type": "Point",
        "coordinates": [21.4078483, 41.9997295]
      },
      "id": "node/1380378665"
    },
    {
      "type": "Feature",
      "properties": {
        "@id": "node/1380378702",
        "amenity": "restaurant",
        "name": "Долап",
        "name:en": "Dolap"
      },
      "geometry": {
        "type": "Point",
        "coordinates": [21.415982, 41.9985008]
      },
      "id": "node/1380378702"
    },
    {
      "type": "Feature",
      "properties": {
        "@id": "node/1381654588",
        "amenity": "fast_food",
        "cuisine": "kebab",
        "name": "Гирадико"
      },
      "geometry": {
        "type": "Point",
        "coordinates": [21.4217901, 41.9990725]
      },
      "id": "node/1381654588"
    },
    {
      "type": "Feature",
      "properties": {
        "@id": "way/1416543246",
        "amenity": "cafe",
        "building": "yes",
        "internet_access": "yes",
        "name": "Brickyard 365",
        "outdoor_seating": "yes",
        "@geometry": "center"
      },
      "geometry": {
        "type": "Point",
        "coordinates": [21.5326118, 41.9373056]
      },
      "id": "way/1416543246"
    },
    {
      "type": "Feature",
      "properties": {
        "@id": "way/1429502547",
        "amenity": "nightclub",
        "building": "yes",
        "name": "Havana Summer Club",
        "@geometry": "center"
      },
      "geometry": {
        "type": "Point",
        "coordinates": [21.4204615, 42.0069613]
      },
      "id": "way/1429502547"
    },
    {
      "type": "Feature",
      "properties": {
        "@id": "way/1429502548",
        "amenity": "nightclub",
        "building": "yes",
        "name": "Pure Night Club",
        "@geometry": "center"
      },
      "geometry": {
        "type": "Point",
        "coordinates": [21.4207288, 42.0068608]
      },
      "id": "way/1429502548"
    },
    {
      "type": "Feature",
      "properties": {
        "@id": "way/1434535937",
        "amenity": "fast_food",
        "building": "yes",
        "cuisine": "pizza",
        "name": "Крц Крц",
        "phone": "+389 70 487 779",
        "website": "https://www.instagram.com/krc_krc3",
        "@geometry": "center"
      },
      "geometry": {
        "type": "Point",
        "coordinates": [21.522039, 41.9361983]
      },
      "id": "way/1434535937"
    },
    {
      "type": "Feature",
      "properties": {
        "@id": "way/1449275847",
        "addr:city": "Скопје",
        "addr:housenumber": "9",
        "addr:street": "Улица 1640",
        "amenity": "restaurant",
        "building": "yes",
        "int_name": "Restoran Ksantika",
        "name": "Ресторан Ксантика",
        "phone": "+38970864864",
        "website": "https://ksantika.mk/",
        "@geometry": "center"
      },
      "geometry": {
        "type": "Point",
        "coordinates": [21.5182155, 41.9914609]
      },
      "id": "way/1449275847"
    },
    {
      "type": "Feature",
      "properties": {
        "@id": "way/1454606464",
        "addr:city": "Скопје",
        "addr:place": "Средно Водно",
        "amenity": "restaurant",
        "building": "yes",
        "facebook": "https://www.facebook.com/CtapoCkopjeKna",
        "mobile": "+38978449788",
        "name": "Ресторан К’на",
        "@geometry": "center"
      },
      "geometry": {
        "type": "Point",
        "coordinates": [21.4097771, 41.9757163]
      },
      "id": "way/1454606464"
    },
    {
      "type": "Feature",
      "properties": {
        "@id": "way/1462669657",
        "amenity": "restaurant",
        "building": "yes",
        "name": "Simple - Weddings & Events",
        "@geometry": "center"
      },
      "geometry": {
        "type": "Point",
        "coordinates": [21.3407828, 42.003766]
      },
      "id": "way/1462669657"
    },
    {
      "type": "Feature",
      "properties": {
        "@id": "node/1475328750",
        "amenity": "restaurant",
        "cuisine": "regional",
        "is_in": "Volkovo",
        "name": "Restoran Tomi"
      },
      "geometry": {
        "type": "Point",
        "coordinates": [21.3462963, 42.0464013]
      },
      "id": "node/1475328750"
    },
    {
      "type": "Feature",
      "properties": {
        "@id": "node/1475384945",
        "addr:city": "Volkovo",
        "addr:postcode": "1065",
        "addr:street": "Улица 101",
        "amenity": "restaurant",
        "cuisine": "kebab",
        "diet:non-vegetarian": "yes",
        "is_in": "Volkovo",
        "name": "Kaj Jaksa",
        "opening_hours": "Mo-Su 10:00-22:00"
      },
      "geometry": {
        "type": "Point",
        "coordinates": [21.3469347, 42.0455608]
      },
      "id": "node/1475384945"
    },
    {
      "type": "Feature",
      "properties": {
        "@id": "node/1475388232",
        "amenity": "restaurant",
        "cuisine": "regional",
        "name": "Meraklii"
      },
      "geometry": {
        "type": "Point",
        "coordinates": [21.3508185, 42.0299906]
      },
      "id": "node/1475388232"
    },
    {
      "type": "Feature",
      "properties": {
        "@id": "node/1475404531",
        "amenity": "fast_food",
        "int_name": "Pink",
        "name": "Пинк",
        "name:en": "Pink"
      },
      "geometry": {
        "type": "Point",
        "coordinates": [21.3695897, 42.0078102]
      },
      "id": "node/1475404531"
    },
    {
      "type": "Feature",
      "properties": {
        "@id": "way/1503133489",
        "amenity": "restaurant",
        "building": "yes",
        "mobile": "076217015",
        "name": "Forza Fusion",
        "@geometry": "center"
      },
      "geometry": {
        "type": "Point",
        "coordinates": [21.4312204, 41.9899095]
      },
      "id": "way/1503133489"
    },
    {
      "type": "Feature",
      "properties": {
        "@id": "way/1503395126",
        "addr:city": "Cкoпje",
        "addr:postcode": "1000",
        "addr:street": "Анастас Митрев",
        "amenity": "restaurant",
        "building": "yes",
        "name": "Kazi mi Kazi",
        "name:mk": "Кажи ми Кажи",
        "@geometry": "center"
      },
      "geometry": {
        "type": "Point",
        "coordinates": [21.4461804, 41.9877463]
      },
      "id": "way/1503395126"
    },
    {
      "type": "Feature",
      "properties": {
        "@id": "way/1515712775",
        "amenity": "fast_food",
        "building": "yes",
        "cuisine": "burger",
        "diet:meat": "yes",
        "name": "Сендвичара Седмица 7",
        "name:en": "Fast Food 7",
        "opening_hours": "Mo-Th 08:00-23:00; Fr,Sa 08:00-24:00; Su off",
        "@geometry": "center"
      },
      "geometry": {
        "type": "Point",
        "coordinates": [21.4783357, 42.0036054]
      },
      "id": "way/1515712775"
    },
    {
      "type": "Feature",
      "properties": {
        "@id": "node/1535266560",
        "amenity": "restaurant",
        "name": "Ресторан Рагуза 919",
        "name:en": "Restaurant Ragusa 919"
      },
      "geometry": {
        "type": "Point",
        "coordinates": [21.4820381, 41.9782792]
      },
      "id": "node/1535266560"
    },
    {
      "type": "Feature",
      "properties": {
        "@id": "node/1562023466",
        "amenity": "bar",
        "check_date": "2024-10-02",
        "name": "Hürrem Shisha Lounge",
        "name:en": "Menada",
        "wheelchair": "no"
      },
      "geometry": {
        "type": "Point",
        "coordinates": [21.4358564, 41.9993401]
      },
      "id": "node/1562023466"
    },
    {
      "type": "Feature",
      "properties": {
        "@id": "node/1577483516",
        "alt_name": "Старо буре",
        "amenity": "restaurant",
        "cuisine": "international",
        "indoor_seating": "yes",
        "int_name": "Staro Bure",
        "name": "Старо Буре",
        "outdoor_seating": "yes"
      },
      "geometry": {
        "type": "Point",
        "coordinates": [21.3975417, 42.0035286]
      },
      "id": "node/1577483516"
    },
    {
      "type": "Feature",
      "properties": {
        "@id": "node/1577485951",
        "alt_name": "Кај 62",
        "amenity": "restaurant",
        "cuisine": "regional",
        "int_name": "At 62",
        "name": "62"
      },
      "geometry": {
        "type": "Point",
        "coordinates": [21.3741187, 42.0065185]
      },
      "id": "node/1577485951"
    },
    {
      "type": "Feature",
      "properties": {
        "@id": "node/1615830879",
        "amenity": "cafe",
        "indoor_seating": "yes",
        "name": "Revija",
        "name:en": "Revija",
        "name:mk": "Ревија",
        "outdoor_seating": "yes"
      },
      "geometry": {
        "type": "Point",
        "coordinates": [21.398346, 42.0034224]
      },
      "id": "node/1615830879"
    },
    {
      "type": "Feature",
      "properties": {
        "@id": "node/1676857177",
        "amenity": "restaurant",
        "int_name": "Restoran Odiseja",
        "name": "Ресторан Одисеја",
        "name:mk": "Ресторан Одисеја",
        "opening_hours": "Mo-Su 09:10-24:00"
      },
      "geometry": {
        "type": "Point",
        "coordinates": [21.4868824, 41.9842561]
      },
      "id": "node/1676857177"
    },
    {
      "type": "Feature",
      "properties": {
        "@id": "node/1747462360",
        "amenity": "pub",
        "name": "Конак"
      },
      "geometry": {
        "type": "Point",
        "coordinates": [21.4150033, 41.997012]
      },
      "id": "node/1747462360"
    },
    {
      "type": "Feature",
      "properties": {
        "@id": "node/1747649203",
        "amenity": "restaurant",
        "name": "Крчма"
      },
      "geometry": {
        "type": "Point",
        "coordinates": [21.4151525, 41.9946274]
      },
      "id": "node/1747649203"
    },
    {
      "type": "Feature",
      "properties": {
        "@id": "node/1748017584",
        "addr:city": "Скопје",
        "amenity": "restaurant",
        "cuisine": "regional",
        "name": "Marana",
        "takeaway": "yes"
      },
      "geometry": {
        "type": "Point",
        "coordinates": [21.4204907, 41.9904847]
      },
      "id": "node/1748017584"
    },
    {
      "type": "Feature",
      "properties": {
        "@id": "node/1751563134",
        "addr:city": "Cкoпje",
        "addr:city:en": "Skopje",
        "addr:country": "MK",
        "addr:housenumber": "66",
        "addr:street": "Булевар Климент Охридски",
        "addr:street:en": "Kliment Ohridski Boulevard",
        "amenity": "restaurant",
        "cuisine": "international",
        "internet_access": "wlan",
        "internet_access:fee": "no",
        "name": "Pastel Wine & Dine",
        "name:en": "Pastel Wine & Dine",
        "opening_hours": "Mo-Fr 06:30-21:00; Sa 06:30-17:00; Su 06:30-16:00",
        "payment:american_express": "no",
        "payment:coins": "yes",
        "payment:maestro": "yes",
        "payment:mastercard": "yes",
        "payment:notes": "yes",
        "payment:visa": "yes",
        "payment:visa_electron": "yes",
        "phone": "+389 2 3214447",
        "smoking": "outside",
        "takeaway": "yes",
        "website": "http://pastel.mk/",
        "wheelchair": "yes"
      },
      "geometry": {
        "type": "Point",
        "coordinates": [21.4245254, 41.9947645]
      },
      "id": "node/1751563134"
    },
    {
      "type": "Feature",
      "properties": {
        "@id": "node/1752178268",
        "amenity": "restaurant",
        "cuisine": "italian",
        "name": "511"
      },
      "geometry": {
        "type": "Point",
        "coordinates": [21.4163482, 41.9922398]
      },
      "id": "node/1752178268"
    },
    {
      "type": "Feature",
      "properties": {
        "@id": "node/1752184797",
        "amenity": "cafe",
        "cuisine": "coffee_shop",
        "name": "Кафе Ли",
        "name:en": "Coffee Lee"
      },
      "geometry": {
        "type": "Point",
        "coordinates": [21.4091295, 41.997291]
      },
      "id": "node/1752184797"
    },
    {
      "type": "Feature",
      "properties": {
        "@id": "node/1752186795",
        "amenity": "restaurant",
        "name": "Акорд",
        "name:en": "Acorde"
      },
      "geometry": {
        "type": "Point",
        "coordinates": [21.4086601, 41.9972291]
      },
      "id": "node/1752186795"
    },
    {
      "type": "Feature",
      "properties": {
        "@id": "node/1770866402",
        "addr:housename": "libertas",
        "addr:postcode": "1000",
        "addr:street": "T.C Bunjakovec prv kat lok 36",
        "amenity": "restaurant",
        "cuisine": "pizza",
        "description": "Coffee&pizza restaurant Libertas",
        "name": "Пицерија Либертас",
        "phone": "+38970567295"
      },
      "geometry": {
        "type": "Point",
        "coordinates": [21.4207447, 41.9987097]
      },
      "id": "node/1770866402"
    },
    {
      "type": "Feature",
      "properties": {
        "@id": "node/1822907697",
        "amenity": "fast_food",
        "cuisine": "burger",
        "int_name": "Vili - Grill",
        "name": "Лесковачка скара „Вили“"
      },
      "geometry": {
        "type": "Point",
        "coordinates": [21.3899358, 42.0007595]
      },
      "id": "node/1822907697"
    },
    {
      "type": "Feature",
      "properties": {
        "@id": "node/1848409293",
        "amenity": "restaurant",
        "name": "Ексклузив"
      },
      "geometry": {
        "type": "Point",
        "coordinates": [21.4456487, 41.9775109]
      },
      "id": "node/1848409293"
    },
    {
      "type": "Feature",
      "properties": {
        "@id": "node/1850489869",
        "amenity": "restaurant",
        "name": "Ресторан „Александар“"
      },
      "geometry": {
        "type": "Point",
        "coordinates": [21.4514149, 42.0578588]
      },
      "id": "node/1850489869"
    },
    {
      "type": "Feature",
      "properties": {
        "@id": "node/1850511008",
        "amenity": "cafe",
        "name": "Royal"
      },
      "geometry": {
        "type": "Point",
        "coordinates": [21.4484, 42.0582551]
      },
      "id": "node/1850511008"
    },
    {
      "type": "Feature",
      "properties": {
        "@id": "node/1850511013",
        "amenity": "cafe",
        "name": "Шема"
      },
      "geometry": {
        "type": "Point",
        "coordinates": [21.4502266, 42.060135]
      },
      "id": "node/1850511013"
    },
    {
      "type": "Feature",
      "properties": {
        "@id": "node/1850521527",
        "amenity": "restaurant",
        "name": "Дарвик"
      },
      "geometry": {
        "type": "Point",
        "coordinates": [21.4523161, 42.0537503]
      },
      "id": "node/1850521527"
    },
    {
      "type": "Feature",
      "properties": {
        "@id": "node/1851476126",
        "addr:city": "Cкoпje",
        "addr:street": "Владимир Комаров",
        "amenity": "cafe",
        "int_name": "Smart Kafe",
        "name": "Смарт Кафе",
        "name:en": "Smart Cafe",
        "opening_hours": "Su-Th 08:00-24:00, Fr,Sa 08:00-01:00",
        "outdoor_seating": "yes"
      },
      "geometry": {
        "type": "Point",
        "coordinates": [21.4504664, 41.9915282]
      },
      "id": "node/1851476126"
    },
    {
      "type": "Feature",
      "properties": {
        "@id": "node/1857486052",
        "amenity": "restaurant",
        "cuisine": "barbecue",
        "name": "Тица - Елени",
        "name:en": "Tica-Eleni"
      },
      "geometry": {
        "type": "Point",
        "coordinates": [21.4647397, 42.0019716]
      },
      "id": "node/1857486052"
    },
    {
      "type": "Feature",
      "properties": {
        "@id": "node/1858969938",
        "addr:city": "Cкoпje",
        "addr:housenumber": "20",
        "addr:postcode": "1000",
        "addr:street": "Васил Иљоски",
        "amenity": "bar",
        "name": "LA MER - Coffe & Wine bar",
        "opening_hours": "Su-Th 08:00-24:00; Fr-Sa 09:00-01:00"
      },
      "geometry": {
        "type": "Point",
        "coordinates": [21.4295202, 41.9976137]
      },
      "id": "node/1858969938"
    },
    {
      "type": "Feature",
      "properties": {
        "@id": "node/1860365710",
        "amenity": "cafe",
        "name": "Аристократ кафе",
        "name:en": "Aristokrat cafe",
        "shop": "confectionery"
      },
      "geometry": {
        "type": "Point",
        "coordinates": [21.4644018, 42.0026334]
      },
      "id": "node/1860365710"
    },
    {
      "type": "Feature",
      "properties": {
        "@id": "node/1867176020",
        "addr:city": "Cкoпje",
        "addr:housenumber": "2",
        "addr:postcode": "1000",
        "addr:street": "Никола Вапцаров",
        "amenity": "restaurant",
        "check_date": "2026-01-02",
        "cuisine": "international",
        "int_name": "Trend",
        "mobile": "+38971368846",
        "name": "Тренд",
        "name:en": "Trend",
        "website": "https://caffetrend.mk/",
        "wheelchair": "limited",
        "wheelchair:description": "Toilet not accessible"
      },
      "geometry": {
        "type": "Point",
        "coordinates": [21.4304595, 41.9957062]
      },
      "id": "node/1867176020"
    },
    {
      "type": "Feature",
      "properties": {
        "@id": "node/1868812117",
        "addr:city": "Cкoпje",
        "addr:postcode": "1000",
        "addr:street": "Владимир Полежановски",
        "amenity": "restaurant",
        "cuisine": "barbecue",
        "name": "Дестан",
        "opening_hours": "Mo-Su 09:00-23:00",
        "outdoor_seating": "yes",
        "phone": "+38923127324",
        "smoking": "separated",
        "website": "https://destan.mk/pocetna/"
      },
      "geometry": {
        "type": "Point",
        "coordinates": [21.4204158, 41.9987513]
      },
      "id": "node/1868812117"
    },
    {
      "type": "Feature",
      "properties": {
        "@id": "node/1868812169",
        "amenity": "restaurant",
        "cuisine": "barbecue",
        "indoor_seating": "yes",
        "name": "Ана Кристи",
        "outdoor_seating": "yes"
      },
      "geometry": {
        "type": "Point",
        "coordinates": [21.3995909, 42.0034064]
      },
      "id": "node/1868812169"
    },
    {
      "type": "Feature",
      "properties": {
        "@id": "node/1868933572",
        "amenity": "restaurant",
        "cuisine": "macedonian",
        "name": "Фотка"
      },
      "geometry": {
        "type": "Point",
        "coordinates": [21.3992299, 42.0017742]
      },
      "id": "node/1868933572"
    },
    {
      "type": "Feature",
      "properties": {
        "@id": "node/1870054369",
        "amenity": "fast_food",
        "drive_through": "no",
        "name": "Гиро",
        "takeaway": "yes"
      },
      "geometry": {
        "type": "Point",
        "coordinates": [21.4275995, 41.9935009]
      },
      "id": "node/1870054369"
    },
    {
      "type": "Feature",
      "properties": {
        "@id": "node/1876583691",
        "amenity": "cafe",
        "name": "Top Foxx",
        "opening_hours": "Su-Fr 11:00-24:00, Sa 11:00-01:00"
      },
      "geometry": {
        "type": "Point",
        "coordinates": [21.4768437, 41.9896704]
      },
      "id": "node/1876583691"
    },
    {
      "type": "Feature",
      "properties": {
        "@id": "node/1876584011",
        "amenity": "cafe",
        "name": "Кафе Мамбо",
        "opening_hours": "Mo-Fr 09:00-21:00; Sa,Su 09:00-24:00",
        "shop": "department_store"
      },
      "geometry": {
        "type": "Point",
        "coordinates": [21.4758795, 41.9894549]
      },
      "id": "node/1876584011"
    },
    {
      "type": "Feature",
      "properties": {
        "@id": "node/1935491365",
        "addr:city": "Cкoпje",
        "addr:city:en": "Skopje",
        "addr:country": "MK",
        "addr:housename": "Gradski Trgovski Centar Skopje",
        "addr:postcode": "1000",
        "addr:street": "Кеј 13 Ноември",
        "addr:street:en": "Kay 13th November",
        "amenity": "pub",
        "check_date": "2024-09-30",
        "int_name": "Carpe Diem",
        "name": "Карпе дием",
        "name:en": "Carpe Diem",
        "outdoor_seating": "yes",
        "smoking": "separated"
      },
      "geometry": {
        "type": "Point",
        "coordinates": [21.4352396, 41.99522]
      },
      "id": "node/1935491365"
    },
    {
      "type": "Feature",
      "properties": {
        "@id": "node/1985948203",
        "amenity": "restaurant",
        "cuisine": "italian",
        "name": "Balila"
      },
      "geometry": {
        "type": "Point",
        "coordinates": [21.416522, 41.9922245]
      },
      "id": "node/1985948203"
    },
    {
      "type": "Feature",
      "properties": {
        "@id": "node/2004962771",
        "amenity": "fast_food",
        "name": "Вили"
      },
      "geometry": {
        "type": "Point",
        "coordinates": [21.4060989, 42.0017995]
      },
      "id": "node/2004962771"
    },
    {
      "type": "Feature",
      "properties": {
        "@id": "node/2054895230",
        "amenity": "cafe",
        "location": "Center",
        "name": "Up Cafe",
        "opening_hours": "Mo-Sa 08:00-18:00"
      },
      "geometry": {
        "type": "Point",
        "coordinates": [21.4324491, 41.9950653]
      },
      "id": "node/2054895230"
    },
    {
      "type": "Feature",
      "properties": {
        "@id": "node/2105387352",
        "addr:city": "Скопје",
        "addr:city:en": "Skopje",
        "addr:country": "MK",
        "addr:housenumber": "75",
        "addr:street": "Орце Николов",
        "addr:street:en": "Orce Nikolov",
        "amenity": "restaurant",
        "int_name": "Brukilnski",
        "name": "Бруклински",
        "name:en": "Bruklinski",
        "outdoor_seating": "yes",
        "phone": "+389 2 6091844",
        "smoking": "separated",
        "wheelchair": "limited"
      },
      "geometry": {
        "type": "Point",
        "coordinates": [21.4252581, 42.0001581]
      },
      "id": "node/2105387352"
    },
    {
      "type": "Feature",
      "properties": {
        "@id": "node/2159535851",
        "addr:city": "Cкoпje",
        "addr:city:en": "Skopje",
        "addr:country": "MK",
        "addr:housename": "Gradski Trgovski Centar Skopje",
        "addr:housenumber": "2/4",
        "addr:postcode": "1000",
        "addr:street": "Кеј 13 Ноември",
        "addr:street:en": "Kay 13th November",
        "amenity": "restaurant",
        "check_date": "2024-09-30",
        "cuisine": "international",
        "indoor_seating": "yes",
        "name": "Бела виста",
        "name:en": "Bella Vista",
        "opening_hours": "10:00-24:00, Fr-Sa 10:00-01:00",
        "outdoor_seating": "yes",
        "website": "www.bellavistaskopje.mk"
      },
      "geometry": {
        "type": "Point",
        "coordinates": [21.4348295, 41.995336]
      },
      "id": "node/2159535851"
    },
    {
      "type": "Feature",
      "properties": {
        "@id": "node/2294320125",
        "amenity": "restaurant",
        "name": "Два Елена",
        "name:en": "Dva Elena"
      },
      "geometry": {
        "type": "Point",
        "coordinates": [21.4080594, 41.993167]
      },
      "id": "node/2294320125"
    },
    {
      "type": "Feature",
      "properties": {
        "@id": "node/2298054794",
        "amenity": "cafe",
        "name": "Badu"
      },
      "geometry": {
        "type": "Point",
        "coordinates": [21.3722969, 42.0071574]
      },
      "id": "node/2298054794"
    },
    {
      "type": "Feature",
      "properties": {
        "@id": "node/2322886873",
        "amenity": "restaurant",
        "cuisine": "regional",
        "int_name": "Arabeska",
        "name": "Арабеска",
        "name:en": "Arabesque"
      },
      "geometry": {
        "type": "Point",
        "coordinates": [21.430269, 41.9953042]
      },
      "id": "node/2322886873"
    },
    {
      "type": "Feature",
      "properties": {
        "@id": "node/2383661231",
        "amenity": "restaurant",
        "name": "Hazel"
      },
      "geometry": {
        "type": "Point",
        "coordinates": [21.4119198, 41.994595]
      },
      "id": "node/2383661231"
    },
    {
      "type": "Feature",
      "properties": {
        "@id": "node/2411329687",
        "amenity": "restaurant",
        "cuisine": "fish",
        "name": "Фиш"
      },
      "geometry": {
        "type": "Point",
        "coordinates": [21.4117168, 42.0131608]
      },
      "id": "node/2411329687"
    },
    {
      "type": "Feature",
      "properties": {
        "@id": "node/2539581007",
        "amenity": "cafe",
        "check_date": "2025-06-04",
        "internet_access": "yes",
        "name": "Quatro Caffe"
      },
      "geometry": {
        "type": "Point",
        "coordinates": [21.446234, 41.9734649]
      },
      "id": "node/2539581007"
    },
    {
      "type": "Feature",
      "properties": {
        "@id": "node/2539581507",
        "amenity": "cafe",
        "check_date": "2025-06-04",
        "internet_access": "yes",
        "name": "Bass Cafe"
      },
      "geometry": {
        "type": "Point",
        "coordinates": [21.4456656, 41.9732771]
      },
      "id": "node/2539581507"
    },
    {
      "type": "Feature",
      "properties": {
        "@id": "node/2580192144",
        "amenity": "restaurant",
        "int_name": "Gradina",
        "name": "Градина",
        "name:en": "Gradina"
      },
      "geometry": {
        "type": "Point",
        "coordinates": [21.4727082, 41.9650429]
      },
      "id": "node/2580192144"
    },
    {
      "type": "Feature",
      "properties": {
        "@id": "node/2695392360",
        "addr:city": "Скопје",
        "addr:city:en": "Skopje",
        "addr:country": "MK",
        "addr:housename": "Gradski Trgovski Centar Skopje",
        "addr:housenumber": "28",
        "addr:postcode": "1000",
        "addr:street": "Кеј 13 Ноември",
        "addr:street:en": "Kay 13th November",
        "amenity": "pub",
        "check_date": "2024-09-30",
        "indoor_seating": "yes",
        "internet_access": "wlan",
        "internet_access:fee": "no",
        "level": "0",
        "name": "Casa Cubana",
        "opening_hours": "10:00-24:00, Fr-Sa 10:00-01:00",
        "operator": "Casa Cubana",
        "outdoor_seating": "yes",
        "smoking": "outside",
        "takeaway": "no",
        "wheelchair": "yes"
      },
      "geometry": {
        "type": "Point",
        "coordinates": [21.4343781, 41.9954782]
      },
      "id": "node/2695392360"
    },
    {
      "type": "Feature",
      "properties": {
        "@id": "node/2695392370",
        "addr:city": "Cкoпje",
        "addr:housenumber": "3a",
        "addr:postcode": "1000",
        "addr:street": "11 Октомври",
        "amenity": "nightclub",
        "name": "Сектор909",
        "name:en": "Sektor909"
      },
      "geometry": {
        "type": "Point",
        "coordinates": [21.4322415, 41.9951965]
      },
      "id": "node/2695392370"
    },
    {
      "type": "Feature",
      "properties": {
        "@id": "node/2814545377",
        "addr:housenumber": "1",
        "addr:street": "Никола Вапцаров",
        "amenity": "cafe",
        "int_name": "Bokata",
        "internet_access": "yes",
        "location": "Center",
        "name": "Боката",
        "name:en": "Bocata",
        "opening_hours": "Mo-Su 08:00-23:00",
        "wheelchair": "limited"
      },
      "geometry": {
        "type": "Point",
        "coordinates": [21.4309666, 41.9956446]
      },
      "id": "node/2814545377"
    },
    {
      "type": "Feature",
      "properties": {
        "@id": "node/2823030397",
        "addr:street": "ГТЦ",
        "amenity": "nightclub",
        "int_name": "Privilege Cliub",
        "name": "Клуб „Привилиџ“"
      },
      "geometry": {
        "type": "Point",
        "coordinates": [21.435389, 41.9946394]
      },
      "id": "node/2823030397"
    },
    {
      "type": "Feature",
      "properties": {
        "@id": "node/2858315264",
        "addr:city": "Скопје",
        "addr:street": "Орце Николов",
        "amenity": "fast_food",
        "cuisine": "regional",
        "name": "DM Restaurant",
        "opening_hours": "10:00-00:00"
      },
      "geometry": {
        "type": "Point",
        "coordinates": [21.4167758, 42.0035281]
      },
      "id": "node/2858315264"
    },
    {
      "type": "Feature",
      "properties": {
        "@id": "node/2882653098",
        "amenity": "bar",
        "name": "Игротека Смајли"
      },
      "geometry": {
        "type": "Point",
        "coordinates": [21.4440848, 41.9754573]
      },
      "id": "node/2882653098"
    },
    {
      "type": "Feature",
      "properties": {
        "@id": "node/2883877896",
        "amenity": "restaurant",
        "name": "Ресторан Bien",
        "opening_hours": "Su-We 09:00-24:00, Th-Sa 09:00-01:00"
      },
      "geometry": {
        "type": "Point",
        "coordinates": [21.4524114, 41.9915731]
      },
      "id": "node/2883877896"
    },
    {
      "type": "Feature",
      "properties": {
        "@id": "node/2887575858",
        "amenity": "fast_food",
        "check_date:opening_hours": "2024-06-05",
        "name": "OK Burger - Aerodrom",
        "opening_hours": "Mo-Sa 08:30-23:30, Su 10:00-01:00"
      },
      "geometry": {
        "type": "Point",
        "coordinates": [21.4635675, 41.9893772]
      },
      "id": "node/2887575858"
    },
    {
      "type": "Feature",
      "properties": {
        "@id": "node/2992591829",
        "addr:city": "Cкoпje",
        "addr:city:en": "Skopje",
        "addr:country": "MK",
        "addr:postcode": "1000",
        "amenity": "cafe",
        "cuisine": "Coffee,_Tea,_cold_drinks",
        "internet_access": "yes",
        "location": "Old Bazaar",
        "name": "Mon Frere",
        "opening_hours": "Mo-Su 08:00-23:00",
        "smoking": "outside"
      },
      "geometry": {
        "type": "Point",
        "coordinates": [21.4370632, 42.0017629]
      },
      "id": "node/2992591829"
    },
    {
      "type": "Feature",
      "properties": {
        "@id": "node/3101725379",
        "amenity": "cafe",
        "location": "Old Bazaar",
        "name": "Old Town",
        "opening_hours": "Mo-Su 10:00-22:00"
      },
      "geometry": {
        "type": "Point",
        "coordinates": [21.4368849, 41.999241]
      },
      "id": "node/3101725379"
    },
    {
      "type": "Feature",
      "properties": {
        "@id": "node/3101726037",
        "amenity": "cafe",
        "location": "Old Bazaar",
        "name": "Nargile Cafe",
        "opening_hours": "Mo-Su 10:00-22:00"
      },
      "geometry": {
        "type": "Point",
        "coordinates": [21.4358699, 42.0000003]
      },
      "id": "node/3101726037"
    },
    {
      "type": "Feature",
      "properties": {
        "@id": "node/3101726039",
        "amenity": "bar",
        "name": "Rakija Bar"
      },
      "geometry": {
        "type": "Point",
        "coordinates": [21.4358296, 41.9998288]
      },
      "id": "node/3101726039"
    },
    {
      "type": "Feature",
      "properties": {
        "@id": "node/3101726040",
        "addr:city": "Cкoпje",
        "addr:city:en": "Skopje",
        "addr:country": "MK",
        "addr:housename": "Капан АН",
        "addr:housename:en": "Kapan AN",
        "addr:housenumber": "14",
        "addr:postcode": "1000",
        "addr:street": "Градиште",
        "addr:street:en": "Gradiste",
        "amenity": "restaurant",
        "cuisine": "regional",
        "email": "pivnicaan@yahoo.com",
        "internet_access": "wlan",
        "internet_access:fee": "no",
        "name": "Пивница АН",
        "name:en": "Beerhouse AN",
        "opening_hours": "Mo-Sa 09:00-24:00; Su 12:00-24:00",
        "outdoor_seating": "yes",
        "payment:american_express": "yes",
        "payment:coins": "yes",
        "payment:mastercard": "yes",
        "payment:notes": "yes",
        "payment:visa": "yes",
        "phone": "+389 02 321 2111",
        "smoking": "separated",
        "website": "http://pivnicaan.mk/"
      },
      "geometry": {
        "type": "Point",
        "coordinates": [21.4366005, 42.0000179]
      },
      "id": "node/3101726040"
    },
    {
      "type": "Feature",
      "properties": {
        "@id": "node/3103985004",
        "addr:city": "Cкoпje",
        "addr:country": "MK",
        "addr:postcode": "1000",
        "addr:street": "Кеј 13 Ноември",
        "amenity": "cafe",
        "cuisine": "ice_cream;pizza;pasta",
        "internet_access": "wlan",
        "internet_access:fee": "no",
        "location": "Center",
        "name": "Telekom Trend Lounge Bar",
        "opening_hours": "Mo-Su 08:00-24:00",
        "outdoor_seating": "yes",
        "smoking": "separated",
        "wheelchair": "yes"
      },
      "geometry": {
        "type": "Point",
        "coordinates": [21.4330712, 41.9958677]
      },
      "id": "node/3103985004"
    },
    {
      "type": "Feature",
      "properties": {
        "@id": "node/3304519276",
        "addr:city": "Skopje",
        "addr:postcode": "1000",
        "addr:street": "Булевар Јане Сандански",
        "amenity": "fast_food",
        "check_date:opening_hours": "2024-06-05",
        "name": "Лесковац",
        "opening_hours": "Mo-Th 08:00-24:00; Fr,Sa 08:00-01:00",
        "smoking": "isolated"
      },
      "geometry": {
        "type": "Point",
        "coordinates": [21.4634495, 41.9892217]
      },
      "id": "node/3304519276"
    },
    {
      "type": "Feature",
      "properties": {
        "@id": "node/3341289752",
        "addr:city": "Скопје",
        "addr:postcode": "1000",
        "addr:street": "Македонија",
        "amenity": "cafe",
        "check_date": "2024-12-19",
        "int_name": "Caffeteria Bistro",
        "location": "Center",
        "name": "Кафетерија Бистро",
        "name:en": "Caffetteria Bistro",
        "opening_hours": "Mo-Th 08:00-24:00; Fr,Sa 08:00-01:00",
        "outdoor_seating": "yes",
        "smoking": "separated",
        "wheelchair": "yes"
      },
      "geometry": {
        "type": "Point",
        "coordinates": [21.4308998, 41.9951617]
      },
      "id": "node/3341289752"
    },
    {
      "type": "Feature",
      "properties": {
        "@id": "node/3341289753",
        "addr:city": "Скопје",
        "addr:postcode": "1000",
        "addr:street": "Македонија",
        "amenity": "cafe",
        "location": "Center",
        "name": "Gnezdo",
        "old_name": "Il Caffè di Roma",
        "opening_hours": "Mo-Su 08:00-22:00"
      },
      "geometry": {
        "type": "Point",
        "coordinates": [21.430365, 41.9938562]
      },
      "id": "node/3341289753"
    },
    {
      "type": "Feature",
      "properties": {
        "@id": "node/3341289786",
        "addr:street": "Македонија",
        "amenity": "cafe",
        "cuisine": "bakery;sandwich;coffee_shop",
        "internet_access": "wlan",
        "name": "Joy Café & Bakery"
      },
      "geometry": {
        "type": "Point",
        "coordinates": [21.4302551, 41.9929591]
      },
      "id": "node/3341289786"
    },
    {
      "type": "Feature",
      "properties": {
        "@id": "node/3341289790",
        "addr:city": "Скопје",
        "addr:postcode": "1000",
        "addr:street": "Даме Груев",
        "amenity": "cafe",
        "location": "Center",
        "name": "Corsso",
        "opening_hours": "Mo-Th 08:00-00:00; Fr-Sa 08:00-01:00"
      },
      "geometry": {
        "type": "Point",
        "coordinates": [21.4293734, 41.9923772]
      },
      "id": "node/3341289790"
    },
    {
      "type": "Feature",
      "properties": {
        "@id": "node/3427388702",
        "addr:street": "Христо Смирненски",
        "amenity": "pub",
        "name": "Дринкерс Парадајз",
        "name:en": "Drinkers Paradise",
        "opening_hours": "Mo-Su 00:00-01:00,10:00-24:00",
        "smoking": "outside"
      },
      "geometry": {
        "type": "Point",
        "coordinates": [21.4147832, 41.9964357]
      },
      "id": "node/3427388702"
    },
    {
      "type": "Feature",
      "properties": {
        "@id": "node/3427391618",
        "amenity": "pub",
        "name": "Браво",
        "name:en": "Bravo",
        "smoking": "outside"
      },
      "geometry": {
        "type": "Point",
        "coordinates": [21.4204573, 41.9989335]
      },
      "id": "node/3427391618"
    },
    {
      "type": "Feature",
      "properties": {
        "@id": "node/3484100383",
        "amenity": "fast_food",
        "name": "Мр. Шмек"
      },
      "geometry": {
        "type": "Point",
        "coordinates": [21.4223968, 41.9914096]
      },
      "id": "node/3484100383"
    },
    {
      "type": "Feature",
      "properties": {
        "@id": "node/3484101195",
        "amenity": "fast_food",
        "cuisine": "burger",
        "name": "MFC - Macedonian Fried Chicken"
      },
      "geometry": {
        "type": "Point",
        "coordinates": [21.4207515, 41.9906511]
      },
      "id": "node/3484101195"
    },
    {
      "type": "Feature",
      "properties": {
        "@id": "node/3494577049",
        "addr:city": "Cкoпje",
        "addr:city:en": "Skopje",
        "addr:country": "MK",
        "addr:housename": "Skopje City Mall",
        "addr:postcode": "1000",
        "addr:street": "Љубљанска",
        "addr:street:en": "Ljubljanska",
        "amenity": "fast_food",
        "brand": "Burger King",
        "brand:wikidata": "Q177054",
        "brand:wikipedia": "en:Burger King",
        "cuisine": "burger",
        "level": "2",
        "name": "Burger King",
        "takeaway": "yes"
      },
      "geometry": {
        "type": "Point",
        "coordinates": [21.3912646, 42.0048773]
      },
      "id": "node/3494577049"
    },
    {
      "type": "Feature",
      "properties": {
        "@id": "node/3505013893",
        "addr:city": "Скопје",
        "addr:city:en": "Skopje",
        "addr:country": "MK",
        "addr:postcode": "1000",
        "addr:street": "11 Октомври",
        "addr:street:en": "11 Oktomvri",
        "amenity": "restaurant",
        "check_date": "2025-01-01",
        "cuisine": "kebab",
        "name": "Destan",
        "opening_hours": "08:00-23:00",
        "outdoor_seating": "yes",
        "smoking": "separated",
        "wheelchair": "yes"
      },
      "geometry": {
        "type": "Point",
        "coordinates": [21.4319604, 41.9947506]
      },
      "id": "node/3505013893"
    },
    {
      "type": "Feature",
      "properties": {
        "@id": "node/3505013993",
        "addr:city": "Скопје",
        "addr:city:en": "Skopje",
        "addr:country": "MK",
        "addr:housenumber": "2",
        "addr:postcode": "1000",
        "addr:street": "11 Октомври",
        "addr:street:en": "11 Oktomvri",
        "amenity": "restaurant",
        "check_date": "2025-01-01",
        "cuisine": "italian",
        "int_name": "La Terrazza",
        "name": "Ла Тераца",
        "opening_hours": "08:00-24:00, Fr-Sa 08:00-01:00",
        "outdoor_seating": "yes",
        "phone": "+389 2 3113380",
        "smoking": "separated",
        "wheelchair": "yes"
      },
      "geometry": {
        "type": "Point",
        "coordinates": [21.4317257, 41.9950911]
      },
      "id": "node/3505013993"
    },
    {
      "type": "Feature",
      "properties": {
        "@id": "node/3506695093",
        "amenity": "restaurant",
        "cuisine": "italian",
        "level": "0",
        "name": "Brooklyn Lounge Bar",
        "opening_hours": "08:00-00:00; Fr-Sa 08:00-01:00",
        "outdoor_seating": "yes",
        "smoking": "separated",
        "wheelchair": "yes"
      },
      "geometry": {
        "type": "Point",
        "coordinates": [21.3910004, 42.0045421]
      },
      "id": "node/3506695093"
    },
    {
      "type": "Feature",
      "properties": {
        "@id": "node/3506696093",
        "amenity": "cafe",
        "cuisine": "ice_cream",
        "email": "trendcitymall@caffetrend.mk",
        "level": "0",
        "name": "Trend Food Bar",
        "name:en": "Trend Food Bar",
        "opening_hours": "08:00-00:00; Fr-Sa 08:00-01:00",
        "outdoor_seating": "yes",
        "phone": "+389 70 306 425",
        "smoking": "separated",
        "website": "http://www.caffetrend.mk/"
      },
      "geometry": {
        "type": "Point",
        "coordinates": [21.3906574, 42.0043701]
      },
      "id": "node/3506696093"
    },
    {
      "type": "Feature",
      "properties": {
        "@id": "node/3536179577",
        "addr:postcode": "1000",
        "addr:street": "Митрополит Теодосиј Гологанов",
        "amenity": "restaurant",
        "internet_access": "wlan",
        "name": "Лозница",
        "name:en": "Loznica"
      },
      "geometry": {
        "type": "Point",
        "coordinates": [21.4099065, 41.9953743]
      },
      "id": "node/3536179577"
    },
    {
      "type": "Feature",
      "properties": {
        "@id": "node/3623547525",
        "addr:city": "Cкoпje",
        "addr:city:en": "Skopje",
        "addr:country": "MK",
        "addr:housenumber": "28",
        "addr:postcode": "1000",
        "addr:street": "Митрополит Теодосиј Гологанов",
        "amenity": "fast_food",
        "cuisine": "burger",
        "name": "Burger Friends",
        "takeaway": "only",
        "website": "http://www.burgerfriends.mk/"
      },
      "geometry": {
        "type": "Point",
        "coordinates": [21.4238539, 41.9952491]
      },
      "id": "node/3623547525"
    },
    {
      "type": "Feature",
      "properties": {
        "@id": "node/3648714484",
        "addr:city": "Cкoпje",
        "addr:housenumber": "бр.4",
        "addr:postcode": "1000",
        "addr:street": "ул.1732",
        "amenity": "bar",
        "name": "Брик бар",
        "name:en": "BRICK Bar",
        "opening_hours": "09:00-01:00"
      },
      "geometry": {
        "type": "Point",
        "coordinates": [21.4270993, 42.0064562]
      },
      "id": "node/3648714484"
    },
    {
      "type": "Feature",
      "properties": {
        "@id": "node/3648714485",
        "addr:city": "Cкoпje",
        "addr:housenumber": "18",
        "addr:postcode": "1000",
        "addr:street": "Булевар 8-ми Септември",
        "amenity": "restaurant",
        "name": "Барбакан",
        "name:en": "Barbakan",
        "opening_hours": "08:00-01:00",
        "outdoor_seating": "yes"
      },
      "geometry": {
        "type": "Point",
        "coordinates": [21.4063046, 42.006249]
      },
      "id": "node/3648714485"
    },
    {
      "type": "Feature",
      "properties": {
        "@id": "node/3663767991",
        "addr:city": "Cкoпje",
        "addr:postcode": "1000",
        "amenity": "cafe",
        "name": "The Gallery",
        "opening_hours": "Mo-Th 07:30-24:00, Fr 07:30-01:00, Sa 08:00-01:00, Su 08:00-24:00"
      },
      "geometry": {
        "type": "Point",
        "coordinates": [21.415006, 42.0038265]
      },
      "id": "node/3663767991"
    },
    {
      "type": "Feature",
      "properties": {
        "@id": "node/3663767992",
        "addr:city": "Cкoпje",
        "addr:postcode": "1000",
        "amenity": "cafe",
        "name": "MonAmi"
      },
      "geometry": {
        "type": "Point",
        "coordinates": [21.4151255, 42.0039722]
      },
      "id": "node/3663767992"
    },
    {
      "type": "Feature",
      "properties": {
        "@id": "node/3663767994",
        "addr:city": "Cкoпje",
        "addr:postcode": "1000",
        "amenity": "cafe",
        "name": "Жапон Кафе Бар",
        "name:en": "Zapon Coffee Bar",
        "opening_hours": "07:30 - 23:30"
      },
      "geometry": {
        "type": "Point",
        "coordinates": [21.415173, 42.0040547]
      },
      "id": "node/3663767994"
    },
    {
      "type": "Feature",
      "properties": {
        "@id": "node/3663767995",
        "addr:city": "Cкoпje",
        "addr:postcode": "1000",
        "amenity": "cafe",
        "name": "Cafe Bela",
        "opening_hours": "09:00 - 00:00"
      },
      "geometry": {
        "type": "Point",
        "coordinates": [21.4146731, 42.0042809]
      },
      "id": "node/3663767995"
    },
    {
      "type": "Feature",
      "properties": {
        "@id": "node/3663791822",
        "addr:city": "Skopje",
        "addr:housenumber": "55",
        "addr:postcode": "1000",
        "addr:street": "Булевар Видое Смилевски Бато",
        "amenity": "fast_food",
        "cuisine": "burger",
        "delivery": "yes",
        "drive_through": "no",
        "int_name": "Royal Burger",
        "name": "Сендвичара Ројал",
        "opening_hours": "Mo,Tu 08:45-24:00; We,Th 08:30-24:00; Fr,Sa 09:00-01:00",
        "smoking": "outside",
        "takeaway": "yes",
        "website": "https://royalburger.com.mk/"
      },
      "geometry": {
        "type": "Point",
        "coordinates": [21.4755231, 41.9811549]
      },
      "id": "node/3663791822"
    },
    {
      "type": "Feature",
      "properties": {
        "@id": "node/3750783154",
        "amenity": "cafe",
        "name": "Play Cafe"
      },
      "geometry": {
        "type": "Point",
        "coordinates": [21.3921091, 42.0038662]
      },
      "id": "node/3750783154"
    },
    {
      "type": "Feature",
      "properties": {
        "@id": "node/3755532975",
        "amenity": "cafe",
        "int_name": "Koncept37",
        "name": "Концепт37",
        "name:en": "Concept37"
      },
      "geometry": {
        "type": "Point",
        "coordinates": [21.4127725, 41.999411]
      },
      "id": "node/3755532975"
    },
    {
      "type": "Feature",
      "properties": {
        "@id": "node/3812500134",
        "addr:street": "Булевар Партизански Одреди",
        "addr:street:en": "bul.Partizanski Odredi",
        "amenity": "nightclub",
        "check_date": "2025-06-14",
        "name": "Balet",
        "opening_hours": "23:00-05:00"
      },
      "geometry": {
        "type": "Point",
        "coordinates": [21.4240507, 41.9979568]
      },
      "id": "node/3812500134"
    },
    {
      "type": "Feature",
      "properties": {
        "@id": "node/3830455732",
        "amenity": "restaurant",
        "name": "Pizza Amica"
      },
      "geometry": {
        "type": "Point",
        "coordinates": [21.4725098, 41.9824716]
      },
      "id": "node/3830455732"
    },
    {
      "type": "Feature",
      "properties": {
        "@id": "node/3832475147",
        "amenity": "restaurant",
        "name": "Кај Злате"
      },
      "geometry": {
        "type": "Point",
        "coordinates": [21.442238, 41.9921952]
      },
      "id": "node/3832475147"
    },
    {
      "type": "Feature",
      "properties": {
        "@id": "node/3909066219",
        "amenity": "restaurant",
        "name": "бед бунар"
      },
      "geometry": {
        "type": "Point",
        "coordinates": [21.4010837, 42.0084895]
      },
      "id": "node/3909066219"
    },
    {
      "type": "Feature",
      "properties": {
        "@id": "node/3951819586",
        "amenity": "restaurant",
        "cuisine": "regional",
        "internet_access": "yes",
        "internet_access:fee": "no",
        "name": "бимекс",
        "opening_hours": "9:00-24:00",
        "smoking": "no",
        "wheelchair": "limited"
      },
      "geometry": {
        "type": "Point",
        "coordinates": [21.4093282, 41.9748528]
      },
      "id": "node/3951819586"
    },
    {
      "type": "Feature",
      "properties": {
        "@id": "node/4016557278",
        "addr:city": "Skopje",
        "addr:country": "MK",
        "addr:housenumber": "71A",
        "addr:postcode": "1000",
        "addr:street": "Boulevard Jane Sandanski",
        "amenity": "restaurant",
        "int_name": "Golden Rose Capitol Mall",
        "name": "Златна Ружа Капитол Мол",
        "name:mk": "Златна Ружа Капитол Мол",
        "opening_hours": "Mo-Su 08:00-24:00"
      },
      "geometry": {
        "type": "Point",
        "coordinates": [21.4661426, 41.9859376]
      },
      "id": "node/4016557278"
    },
    {
      "type": "Feature",
      "properties": {
        "@id": "node/4059907155",
        "amenity": "cafe",
        "leisure": "playground",
        "name": "Авантура"
      },
      "geometry": {
        "type": "Point",
        "coordinates": [21.4170905, 41.993734]
      },
      "id": "node/4059907155"
    },
    {
      "type": "Feature",
      "properties": {
        "@id": "node/4101107990",
        "addr:street": "Јужен Булевар",
        "amenity": "restaurant",
        "internet_access": "wlan",
        "name": "Makedonska sofra",
        "opening_hours": "Mo-Sa 08:00-01:00",
        "phone": "+38978929010"
      },
      "geometry": {
        "type": "Point",
        "coordinates": [21.4365756, 41.9871974]
      },
      "id": "node/4101107990"
    },
    {
      "type": "Feature",
      "properties": {
        "@id": "node/4126731457",
        "amenity": "pub",
        "cocktails": "yes",
        "cuisine": "pizza",
        "food": "yes",
        "name": "Lounge Bar Divan",
        "operator": "Hotel Stone Bridge",
        "outdoor_seating": "yes",
        "smoking": "separated"
      },
      "geometry": {
        "type": "Point",
        "coordinates": [21.4343571, 41.9973371]
      },
      "id": "node/4126731457"
    },
    {
      "type": "Feature",
      "properties": {
        "@id": "node/4126731965",
        "amenity": "restaurant",
        "cuisine": "international",
        "name": "Sky ресторанот",
        "name:en": "Sky Restaurant",
        "operator": "Hotel Stone Bridge"
      },
      "geometry": {
        "type": "Point",
        "coordinates": [21.434577, 41.9973163]
      },
      "id": "node/4126731965"
    },
    {
      "type": "Feature",
      "properties": {
        "@id": "node/4149490289",
        "addr:city": "Скопје",
        "addr:housenumber": "11",
        "addr:postcode": "1000",
        "addr:street": "Македонија",
        "amenity": "restaurant",
        "check_date": "2024-10-31",
        "cuisine": "mexican",
        "email": "info@amigos.com.mk",
        "name": "Amigos Мексиканска Кантина",
        "name:en": "Amigos Mexican Cantina",
        "opening_hours": "Mo-Th 08:00-24:00, Fr,Sa 08:00-01:00, Su 10:00-24:00",
        "outdoor_seating": "yes",
        "phone": "+389 71 230314",
        "smoking": "outside",
        "takeaway": "yes",
        "website": "http://www.amigos.com.mk/",
        "wheelchair": "yes"
      },
      "geometry": {
        "type": "Point",
        "coordinates": [21.4300957, 41.9932587]
      },
      "id": "node/4149490289"
    },
    {
      "type": "Feature",
      "properties": {
        "@id": "node/4190893589",
        "amenity": "fast_food",
        "delivery": "yes",
        "name": "Пемпеле",
        "name:en": "Pempele's Pizza",
        "takeaway": "yes",
        "website": "http://www.pizzapempele.mk"
      },
      "geometry": {
        "type": "Point",
        "coordinates": [21.4237032, 42.0000584]
      },
      "id": "node/4190893589"
    },
    {
      "type": "Feature",
      "properties": {
        "@id": "node/4195733217",
        "addr:city": "Cкoпje",
        "addr:city:en": "Skopje",
        "addr:country": "MK",
        "addr:housename": "Gradski Trgovski Centar Skopje",
        "addr:postcode": "1000",
        "addr:street": "Кеј 13 Ноември",
        "addr:street:en": "Kay 13th November",
        "amenity": "restaurant",
        "check_date": "2024-09-30",
        "cuisine": "international",
        "indoor_seating": "yes",
        "level": "0",
        "name": "Соул кичен",
        "name:en": "Soul-Kitchen",
        "opening_hours": "Mo-Th 08:00-24:00, Fr,Sa 08:00-01:00, Su 10:00-24:00",
        "operator": "Soul-Kitchen",
        "outdoor_seating": "yes",
        "smoking": "outside"
      },
      "geometry": {
        "type": "Point",
        "coordinates": [21.4339535, 41.9956182]
      },
      "id": "node/4195733217"
    },
    {
      "type": "Feature",
      "properties": {
        "@id": "node/4225448689",
        "amenity": "cafe",
        "internet_access": "wlan",
        "internet_access:fee": "no",
        "name": "Tonnis Bakeri",
        "operator": "Tonnish Bakeri",
        "smoking": "outside"
      },
      "geometry": {
        "type": "Point",
        "coordinates": [21.3990452, 42.0151641]
      },
      "id": "node/4225448689"
    },
    {
      "type": "Feature",
      "properties": {
        "@id": "node/4228828360",
        "amenity": "cafe",
        "cuisine": "local",
        "name": "Coffeeshop Company lounge",
        "name:en": "Mezzo Coffee & Lounge",
        "operator": "Sistina"
      },
      "geometry": {
        "type": "Point",
        "coordinates": [21.404147, 42.0137478]
      },
      "id": "node/4228828360"
    },
    {
      "type": "Feature",
      "properties": {
        "@id": "node/4233194691",
        "amenity": "cafe",
        "name": "Makreshanki"
      },
      "geometry": {
        "type": "Point",
        "coordinates": [21.3418406, 42.0433297]
      },
      "id": "node/4233194691"
    },
    {
      "type": "Feature",
      "properties": {
        "@id": "node/4234144690",
        "addr:postcode": "1000",
        "addr:street": "Владимир Полежановски",
        "amenity": "cafe",
        "name": "Belier"
      },
      "geometry": {
        "type": "Point",
        "coordinates": [21.4168806, 41.9984995]
      },
      "id": "node/4234144690"
    },
    {
      "type": "Feature",
      "properties": {
        "@id": "node/4247226994",
        "amenity": "cafe",
        "diet:vegan": "yes",
        "name": "Juicy and Co"
      },
      "geometry": {
        "type": "Point",
        "coordinates": [21.3910392, 42.0048738]
      },
      "id": "node/4247226994"
    },
    {
      "type": "Feature",
      "properties": {
        "@id": "node/4253210327",
        "amenity": "restaurant",
        "name": "Мулино Гарден"
      },
      "geometry": {
        "type": "Point",
        "coordinates": [21.4212497, 41.9495659]
      },
      "id": "node/4253210327"
    },
    {
      "type": "Feature",
      "properties": {
        "@id": "node/4275843195",
        "amenity": "restaurant",
        "name": "Лавче"
      },
      "geometry": {
        "type": "Point",
        "coordinates": [21.4160063, 41.9969599]
      },
      "id": "node/4275843195"
    },
    {
      "type": "Feature",
      "properties": {
        "@id": "node/4302211290",
        "amenity": "restaurant",
        "cuisine": "fish",
        "name": "Бабе"
      },
      "geometry": {
        "type": "Point",
        "coordinates": [21.4002154, 42.0030463]
      },
      "id": "node/4302211290"
    },
    {
      "type": "Feature",
      "properties": {
        "@id": "node/4304451302",
        "amenity": "cafe",
        "check_date": "2024-10-02",
        "internet_access": "wlan",
        "location": "Old Bazaar",
        "name": "Clique Bar",
        "opening_hours": "24/7"
      },
      "geometry": {
        "type": "Point",
        "coordinates": [21.4367789, 41.9994346]
      },
      "id": "node/4304451302"
    },
    {
      "type": "Feature",
      "properties": {
        "@id": "node/4318400296",
        "addr:housenumber": "24",
        "addr:street": "Булевар АСНОМ",
        "amenity": "restaurant",
        "check_date:opening_hours": "2024-06-05",
        "name": "Златна вилушка",
        "opening_hours": "Mo-Sa 12:00-24:00"
      },
      "geometry": {
        "type": "Point",
        "coordinates": [21.4656274, 41.9915295]
      },
      "id": "node/4318400296"
    },
    {
      "type": "Feature",
      "properties": {
        "@id": "node/4327921320",
        "amenity": "cafe",
        "indoor_seating": "yes",
        "name": "Prikazna",
        "outdoor_seating": "yes"
      },
      "geometry": {
        "type": "Point",
        "coordinates": [21.3981384, 42.0033204]
      },
      "id": "node/4327921320"
    },
    {
      "type": "Feature",
      "properties": {
        "@id": "node/4329159695",
        "amenity": "biergarten",
        "name": "Ветер и магла",
        "name:en": "Veter i magla Pub"
      },
      "geometry": {
        "type": "Point",
        "coordinates": [21.4014607, 42.0162622]
      },
      "id": "node/4329159695"
    },
    {
      "type": "Feature",
      "properties": {
        "@id": "node/4355253301",
        "amenity": "fast_food",
        "cuisine": "burger",
        "name": "Бејкинг бред",
        "name:en": "Baking Bread Burgers"
      },
      "geometry": {
        "type": "Point",
        "coordinates": [21.4531813, 41.9877171]
      },
      "id": "node/4355253301"
    },
    {
      "type": "Feature",
      "properties": {
        "@id": "node/4355675606",
        "amenity": "restaurant",
        "name": "Ресторан Златник"
      },
      "geometry": {
        "type": "Point",
        "coordinates": [21.4826634, 41.9788507]
      },
      "id": "node/4355675606"
    },
    {
      "type": "Feature",
      "properties": {
        "@id": "node/4375513890",
        "addr:city": "Скопје",
        "addr:postcode": "1000",
        "addr:street": "Лука Геров",
        "amenity": "bar",
        "name": "КАМИН КАМА",
        "name:en": "Kamin Kama",
        "name:mk": "КАМИН КАМА",
        "opening_hours": "Mo-Su 10:00-00:00"
      },
      "geometry": {
        "type": "Point",
        "coordinates": [21.3602983, 42.0110921]
      },
      "id": "node/4375513890"
    },
    {
      "type": "Feature",
      "properties": {
        "@id": "node/4375519489",
        "addr:postcode": "1000",
        "addr:street": "Христо Татарчев",
        "amenity": "cafe",
        "check_date": "2025-06-04",
        "name": "Гет Кафе",
        "name:en": "Get caffe",
        "name:mk": "Гет Кафе",
        "opening_hours": "Mo-Su 10:00-00:00"
      },
      "geometry": {
        "type": "Point",
        "coordinates": [21.4450722, 41.9726889]
      },
      "id": "node/4375519489"
    },
    {
      "type": "Feature",
      "properties": {
        "@id": "node/4386697491",
        "amenity": "bar",
        "name": "tavce gravce"
      },
      "geometry": {
        "type": "Point",
        "coordinates": [21.4363148, 41.9996587]
      },
      "id": "node/4386697491"
    },
    {
      "type": "Feature",
      "properties": {
        "@id": "node/4386763889",
        "amenity": "bar",
        "name": "beer cafe"
      },
      "geometry": {
        "type": "Point",
        "coordinates": [21.4367578, 41.9999897]
      },
      "id": "node/4386763889"
    },
    {
      "type": "Feature",
      "properties": {
        "@id": "node/4394802591",
        "amenity": "fast_food",
        "name": "7",
        "name:en": "7",
        "name:mk": "7",
        "website": "https://www.7.mk/"
      },
      "geometry": {
        "type": "Point",
        "coordinates": [21.4005479, 42.0031488]
      },
      "id": "node/4394802591"
    },
    {
      "type": "Feature",
      "properties": {
        "@id": "node/4406532855",
        "amenity": "restaurant",
        "cuisine": "local",
        "name": "Вила Веранда",
        "name:en": "Vila Veranda",
        "smoking": "outside"
      },
      "geometry": {
        "type": "Point",
        "coordinates": [21.3679919, 41.9953546]
      },
      "id": "node/4406532855"
    },
    {
      "type": "Feature",
      "properties": {
        "@id": "node/4407370494",
        "amenity": "restaurant",
        "disused": "yes",
        "internet_access": "wlan",
        "name": "еквестријан",
        "name:en": "equestrian",
        "name:mk": "еквестријан"
      },
      "geometry": {
        "type": "Point",
        "coordinates": [21.4520843, 41.9883207]
      },
      "id": "node/4407370494"
    },
    {
      "type": "Feature",
      "properties": {
        "@id": "node/4436518191",
        "amenity": "restaurant",
        "name": "Kaj Serdarot",
        "name:mk": "Kaj Cerdarot"
      },
      "geometry": {
        "type": "Point",
        "coordinates": [21.4362461, 41.9996618]
      },
      "id": "node/4436518191"
    },
    {
      "type": "Feature",
      "properties": {
        "@id": "node/4436534289",
        "amenity": "restaurant",
        "check_date": "2024-10-02",
        "name": "Destan",
        "name:mk": "Дестан"
      },
      "geometry": {
        "type": "Point",
        "coordinates": [21.436081, 41.9996701]
      },
      "id": "node/4436534289"
    },
    {
      "type": "Feature",
      "properties": {
        "@id": "node/4436534489",
        "amenity": "restaurant",
        "check_date": "2025-01-04",
        "name": "Австриска палта",
        "name:en": "Austrian Palace",
        "name:mk": "Austrian Palace"
      },
      "geometry": {
        "type": "Point",
        "coordinates": [21.4355402, 41.9994953]
      },
      "id": "node/4436534489"
    },
    {
      "type": "Feature",
      "properties": {
        "@id": "node/4471884330",
        "amenity": "restaurant",
        "cuisine": "international;italian;fish",
        "internet_access": "wlan",
        "internet_access:fee": "no",
        "name": "Four",
        "operator": "Хотел Парк",
        "outdoor_seating": "yes"
      },
      "geometry": {
        "type": "Point",
        "coordinates": [21.4271057, 42.0061147]
      },
      "id": "node/4471884330"
    },
    {
      "type": "Feature",
      "properties": {
        "@id": "node/4481662566",
        "amenity": "restaurant",
        "check_date": "2024-09-30",
        "cuisine": "italian",
        "indoor_seating": "yes",
        "int_name": "Dion",
        "name": "Дион",
        "outdoor_seating": "yes"
      },
      "geometry": {
        "type": "Point",
        "coordinates": [21.4335386, 41.9957513]
      },
      "id": "node/4481662566"
    },
    {
      "type": "Feature",
      "properties": {
        "@id": "node/4491144570",
        "addr:city": "Cкoпje",
        "addr:postcode": "1000",
        "addr:street": "Никола Русински",
        "air_conditioning": "yes",
        "amenity": "restaurant",
        "cuisine": "regional;international;barbecue",
        "image": "https://scontent.fskp2-1.fna.fbcdn.net/v/t1.6435-9/254432038_112012584617159_9006799328489950254_n.jpg?_nc_cat=110&ccb=1-5&_nc_sid=09cbfe&_nc_ohc=hMgZ3S6wc48AX_KXprI&_nc_ht=scontent.fskp2-1.fna&oh=42c7afe4f9d7cb3a15bb41cb20cafc03&oe=61AE29FC",
        "internet_access": "wlan",
        "name": "Ресторан Буре Срна",
        "name:en": "Restaurant Bure Srna",
        "opening_hours": "Mo-Su 08:00-00:00",
        "outdoor_seating": "yes",
        "phone": "+38923066676",
        "reservation": "yes",
        "smoking": "outside",
        "start_date": "2000",
        "takeaway": "yes",
        "website": "https://buresrna.mk/"
      },
      "geometry": {
        "type": "Point",
        "coordinates": [21.3936186, 42.0045887]
      },
      "id": "node/4491144570"
    },
    {
      "type": "Feature",
      "properties": {
        "@id": "node/4516027391",
        "amenity": "cafe",
        "int_name": "Get",
        "name": "Гет ланч бар",
        "name:mk": "Гет ланч бар",
        "opening_hours": "Mo-Th 08:00-24:00, Fr,Sa 08:00-01:00, Su 11:00-24:00"
      },
      "geometry": {
        "type": "Point",
        "coordinates": [21.4496023, 41.9919726]
      },
      "id": "node/4516027391"
    },
    {
      "type": "Feature",
      "properties": {
        "@id": "node/4552084306",
        "amenity": "restaurant",
        "cuisine": "regional",
        "name": "Кај Тоше на Ќоше"
      },
      "geometry": {
        "type": "Point",
        "coordinates": [21.4648097, 42.0030521]
      },
      "id": "node/4552084306"
    },
    {
      "type": "Feature",
      "properties": {
        "@id": "node/4573205008",
        "amenity": "fast_food",
        "cuisine": "asian",
        "level": "0",
        "name": "Tripod King",
        "takeaway": "yes"
      },
      "geometry": {
        "type": "Point",
        "coordinates": [21.3979429, 42.0034744]
      },
      "id": "node/4573205008"
    },
    {
      "type": "Feature",
      "properties": {
        "@id": "node/4573205010",
        "amenity": "fast_food",
        "check_date": "2025-04-15",
        "cuisine": "regional",
        "int_name": "Vegera",
        "level": "0",
        "name": "Вегера",
        "name:en": "Vegera",
        "opening_hours": "Mo-Sa 06:00-24:00, Su 08:00-24:00",
        "outdoor_seating": "yes",
        "smoking": "outside",
        "takeaway": "yes"
      },
      "geometry": {
        "type": "Point",
        "coordinates": [21.3963477, 42.0026669]
      },
      "id": "node/4573205010"
    },
    {
      "type": "Feature",
      "properties": {
        "@id": "node/4650542892",
        "addr:street": "Париска Комуна",
        "amenity": "restaurant",
        "name": "Гостилница Софра",
        "name:en": "Gostilnica Sofra",
        "opening_hours": "Mo-Su 09:00-24:00"
      },
      "geometry": {
        "type": "Point",
        "coordinates": [21.5078989, 41.9932328]
      },
      "id": "node/4650542892"
    },
    {
      "type": "Feature",
      "properties": {
        "@id": "node/4650625589",
        "amenity": "restaurant",
        "name": "Пицерија Кремисимо",
        "name:en": "Picerija Kremisimo"
      },
      "geometry": {
        "type": "Point",
        "coordinates": [21.5099084, 41.9951884]
      },
      "id": "node/4650625589"
    },
    {
      "type": "Feature",
      "properties": {
        "@id": "node/4658223491",
        "amenity": "cafe",
        "cuisine": "coffee_shop",
        "internet_access": "wlan",
        "name": "Лав Фонтана",
        "name:en": "Lav Fontana",
        "name:mk": "Лав Фонтана"
      },
      "geometry": {
        "type": "Point",
        "coordinates": [21.5137772, 42.027601]
      },
      "id": "node/4658223491"
    },
    {
      "type": "Feature",
      "properties": {
        "@id": "node/4734473401",
        "addr:city": "Cкoпje",
        "addr:street": "Булевар Христијан Тодоровски Карпош",
        "amenity": "fast_food",
        "cuisine": "regional",
        "name": "Burek",
        "operator": "Torbes"
      },
      "geometry": {
        "type": "Point",
        "coordinates": [21.4474069, 42.018055]
      },
      "id": "node/4734473401"
    },
    {
      "type": "Feature",
      "properties": {
        "@id": "node/4794044627",
        "amenity": "bar",
        "name": "Speakeasy"
      },
      "geometry": {
        "type": "Point",
        "coordinates": [21.4235498, 42.00231]
      },
      "id": "node/4794044627"
    },
    {
      "type": "Feature",
      "properties": {
        "@id": "node/4839149455",
        "air_conditioning": "yes",
        "amenity": "pub",
        "indoor_seating": "yes",
        "microbrewery": "yes",
        "name": "Колектив",
        "name:en": "Kolektiv",
        "opening_hours": "Su-Th 09:00-24:00, Fr,Sa 09:00-01:00",
        "operator": "Колектив",
        "outdoor_seating": "yes",
        "smoking": "outside"
      },
      "geometry": {
        "type": "Point",
        "coordinates": [21.4320378, 41.9957057]
      },
      "id": "node/4839149455"
    },
    {
      "type": "Feature",
      "properties": {
        "@id": "node/4846704245",
        "amenity": "cafe",
        "name": "Крин",
        "outdoor_seating": "yes"
      },
      "geometry": {
        "type": "Point",
        "coordinates": [21.4271773, 41.9954521]
      },
      "id": "node/4846704245"
    },
    {
      "type": "Feature",
      "properties": {
        "@id": "node/4881325493",
        "amenity": "bar",
        "layer": "-1",
        "name": "Minus Eden",
        "opening_hours": "Tu-Sa 00:00-04:00"
      },
      "geometry": {
        "type": "Point",
        "coordinates": [21.4061819, 42.0062605]
      },
      "id": "node/4881325493"
    },
    {
      "type": "Feature",
      "properties": {
        "@id": "node/4920962547",
        "amenity": "fast_food",
        "brand": "Domino's",
        "brand:wikidata": "Q839466",
        "brand:wikipedia": "en:Domino's Pizza",
        "check_date": "2025-04-13",
        "cuisine": "pizza",
        "name": "Domino's",
        "operator": "Domino's",
        "takeaway": "only"
      },
      "geometry": {
        "type": "Point",
        "coordinates": [21.3878449, 42.0038168]
      },
      "id": "node/4920962547"
    },
    {
      "type": "Feature",
      "properties": {
        "@id": "node/4976334922",
        "amenity": "restaurant",
        "check_date:opening_hours": "2024-06-05",
        "name": "Т'га за југ",
        "name:en": "T'ga za jug",
        "name:mk": "Т'га за југ",
        "opening_hours": "Mo-Su 10:00-24:00"
      },
      "geometry": {
        "type": "Point",
        "coordinates": [21.4641887, 41.9912693]
      },
      "id": "node/4976334922"
    },
    {
      "type": "Feature",
      "properties": {
        "@id": "node/4986311121",
        "amenity": "cafe",
        "name": "Astra Café",
        "name:en": "Astra Café"
      },
      "geometry": {
        "type": "Point",
        "coordinates": [21.4527193, 41.9884249]
      },
      "id": "node/4986311121"
    },
    {
      "type": "Feature",
      "properties": {
        "@id": "node/4990142138",
        "addr:housenumber": "1",
        "addr:street": "Ресенска",
        "amenity": "restaurant",
        "name": "Бизнис",
        "name:mk": "Бизнис"
      },
      "geometry": {
        "type": "Point",
        "coordinates": [21.4412533, 42.0195979]
      },
      "id": "node/4990142138"
    },
    {
      "type": "Feature",
      "properties": {
        "@id": "node/5019758021",
        "amenity": "restaurant",
        "check_date": "2024-10-31",
        "name": "Парк",
        "name:en": "Park"
      },
      "geometry": {
        "type": "Point",
        "coordinates": [21.4280925, 42.0039853]
      },
      "id": "node/5019758021"
    },
    {
      "type": "Feature",
      "properties": {
        "@id": "node/5033108253",
        "addr:city": "Cкoпje",
        "addr:housenumber": "4",
        "addr:postcode": "1000",
        "addr:street": "Радњанска",
        "amenity": "restaurant",
        "capacity": "100",
        "check_date": "2023-10-17",
        "cuisine": "burger;coffee_shop;sandwich;ice_cream",
        "name": "Кантина",
        "opening_hours": "Mo-Sa 09:00-24:00",
        "outdoor_seating": "yes",
        "smoking": "outside",
        "takeaway": "yes"
      },
      "geometry": {
        "type": "Point",
        "coordinates": [21.4191718, 42.0006129]
      },
      "id": "node/5033108253"
    },
    {
      "type": "Feature",
      "properties": {
        "@id": "node/5041735621",
        "amenity": "fast_food",
        "name": "Chicken House",
        "name:en": "Chicken House",
        "name:mk": "Chicken House"
      },
      "geometry": {
        "type": "Point",
        "coordinates": [21.3909815, 42.0049046]
      },
      "id": "node/5041735621"
    },
    {
      "type": "Feature",
      "properties": {
        "@id": "node/5062450021",
        "addr:postcode": "1000",
        "addr:street": "Џон Кенеди",
        "amenity": "cafe",
        "cuisine": "balkan",
        "internet_access": "wlan",
        "name": "Te Flladi",
        "opening_hours": "Mo-Su 06:00-02:00",
        "operator": "Nazim Sulejmani",
        "phone": "+38978324244"
      },
      "geometry": {
        "type": "Point",
        "coordinates": [21.4378942, 42.0131776]
      },
      "id": "node/5062450021"
    },
    {
      "type": "Feature",
      "properties": {
        "@id": "node/5064700321",
        "addr:city": "Визбегово",
        "addr:housenumber": "148",
        "addr:street": "Ul Качанички пат",
        "amenity": "restaurant",
        "name": "Аликас",
        "name:en": "Alikas",
        "name:mk": "Аликас"
      },
      "geometry": {
        "type": "Point",
        "coordinates": [21.404415, 42.0353232]
      },
      "id": "node/5064700321"
    },
    {
      "type": "Feature",
      "properties": {
        "@id": "node/5093444115",
        "amenity": "pub",
        "name": "Piazza Liberta",
        "name:mk": "Пјаца Либерта",
        "outdoor_seating": "yes",
        "website": "https://piazzaliberta.mk/"
      },
      "geometry": {
        "type": "Point",
        "coordinates": [21.426176, 41.9955629]
      },
      "id": "node/5093444115"
    },
    {
      "type": "Feature",
      "properties": {
        "@id": "node/5110720230",
        "amenity": "biergarten",
        "int_name": "La Kaña",
        "name": "Ла Кања"
      },
      "geometry": {
        "type": "Point",
        "coordinates": [21.4376398, 42.0013523]
      },
      "id": "node/5110720230"
    },
    {
      "type": "Feature",
      "properties": {
        "@id": "node/5110720231",
        "amenity": "cafe",
        "int_name": "Shisha",
        "location": "Old Bazaar",
        "name": "Shisha",
        "name:en": "Shisha",
        "name:sq": "Shisha",
        "opening_hours": "Mo-Su 10:00-22:00",
        "outdoor_seating": "yes"
      },
      "geometry": {
        "type": "Point",
        "coordinates": [21.4375923, 42.0011325]
      },
      "id": "node/5110720231"
    },
    {
      "type": "Feature",
      "properties": {
        "@id": "node/5110720232",
        "amenity": "bar",
        "name": "Syri"
      },
      "geometry": {
        "type": "Point",
        "coordinates": [21.4378235, 42.001291]
      },
      "id": "node/5110720232"
    },
    {
      "type": "Feature",
      "properties": {
        "@id": "node/5129209624",
        "amenity": "bar",
        "name": "Papillon"
      },
      "geometry": {
        "type": "Point",
        "coordinates": [21.4211669, 42.0004422]
      },
      "id": "node/5129209624"
    },
    {
      "type": "Feature",
      "properties": {
        "@id": "node/5131817487",
        "addr:city": "Cкoпje",
        "addr:housenumber": "26",
        "addr:postcode": "1000",
        "addr:street": "Димитрие Чуповски",
        "amenity": "fast_food",
        "brand": "Domino's Pizza",
        "brand:wikidata": "Q839466",
        "brand:wikipedia": "en:Domino's Pizza",
        "check_date": "2025-05-31",
        "cuisine": "pizza",
        "delivery": "yes",
        "description": "Limited seating options",
        "name": "Domino's Pizza",
        "opening_hours": "Mo-Su 10:00-24:00",
        "outdoor_seating": "yes",
        "short_name": "Domino's",
        "takeaway": "yes"
      },
      "geometry": {
        "type": "Point",
        "coordinates": [21.425567, 41.9955107]
      },
      "id": "node/5131817487"
    },
    {
      "type": "Feature",
      "properties": {
        "@id": "node/5131832941",
        "addr:city": "Cкoпje",
        "addr:housenumber": "7",
        "addr:postcode": "1000",
        "addr:street": "Даме Груев",
        "amenity": "restaurant",
        "check_date": "2024-09-30",
        "cuisine": "grill",
        "email": "info@7.mk",
        "name": "7 Скара Ресторан",
        "name:en": "7 Grill Restaurant",
        "opening_hours": "Mo-Th 08:00-24:00; Sa 08:00-01:00",
        "outdoor_seating": "yes",
        "phone": "+38923224000",
        "takeaway": "yes",
        "website": "http://7.mk/skara-restoran/"
      },
      "geometry": {
        "type": "Point",
        "coordinates": [21.4277128, 41.9948346]
      },
      "id": "node/5131832941"
    },
    {
      "type": "Feature",
      "properties": {
        "@id": "node/5160613722",
        "addr:city": "Cкoпje",
        "addr:housenumber": "15",
        "addr:postcode": "1000",
        "addr:street": "Булевар Кузман Јосифовски Питу",
        "amenity": "restaurant",
        "contact:facebook": "https://www.facebook.com/mezebarskopjanka/",
        "internet_access": "wlan",
        "name": "Мезе Бар",
        "name:en": "Meze Bar",
        "opening_hours": "Fr-Su 08:00-01:00; Su 08:00-17:00; Mo-Th 08:00-00:00",
        "phone": "+38926121214"
      },
      "geometry": {
        "type": "Point",
        "coordinates": [21.449305, 41.9898112]
      },
      "id": "node/5160613722"
    },
    {
      "type": "Feature",
      "properties": {
        "@id": "node/5176248987",
        "amenity": "cafe",
        "name": "Изи",
        "name:en": "Izzi"
      },
      "geometry": {
        "type": "Point",
        "coordinates": [21.4192046, 41.9927714]
      },
      "id": "node/5176248987"
    },
    {
      "type": "Feature",
      "properties": {
        "@id": "node/5184727125",
        "addr:housenumber": "2",
        "addr:postcode": "1000",
        "addr:street": "Булевар Ѓорче Петров",
        "amenity": "restaurant",
        "internet_access": "wlan",
        "name": "Ubac",
        "phone": "+38972555005"
      },
      "geometry": {
        "type": "Point",
        "coordinates": [21.3678533, 42.0084679]
      },
      "id": "node/5184727125"
    },
    {
      "type": "Feature",
      "properties": {
        "@id": "node/5204164823",
        "amenity": "fast_food",
        "name": "Royal Burger"
      },
      "geometry": {
        "type": "Point",
        "coordinates": [21.4170443, 42.003398]
      },
      "id": "node/5204164823"
    },
    {
      "type": "Feature",
      "properties": {
        "@id": "node/5224224121",
        "addr:postcode": "1000",
        "amenity": "restaurant",
        "email": "ristovskidac@yahoo.com",
        "internet_access": "wlan",
        "name": "Gostilnica Gurman",
        "name:en": "guest house Gurman",
        "opening_hours": "Mo-Su 07:00-22:00",
        "phone": "+38923176200"
      },
      "geometry": {
        "type": "Point",
        "coordinates": [21.4223088, 41.9916485]
      },
      "id": "node/5224224121"
    },
    {
      "type": "Feature",
      "properties": {
        "@id": "node/5246219203",
        "amenity": "restaurant",
        "name": "Дедо Цане"
      },
      "geometry": {
        "type": "Point",
        "coordinates": [21.4193986, 41.9868025]
      },
      "id": "node/5246219203"
    },
    {
      "type": "Feature",
      "properties": {
        "@id": "node/5260415957",
        "addr:city": "Cкoпje",
        "addr:housenumber": "21/A2-1",
        "addr:postcode": "1000",
        "addr:street": "Булевар Партизански Одреди",
        "amenity": "pub",
        "name": "Паб Порта",
        "name:en": "Pub Porta",
        "opening_hours": "Mo-Th 09:00-00:00, Fr-Sa 09:00-01:00",
        "outdoor_seating": "yes",
        "smoking": "isolated"
      },
      "geometry": {
        "type": "Point",
        "coordinates": [21.4239699, 41.9981195]
      },
      "id": "node/5260415957"
    },
    {
      "type": "Feature",
      "properties": {
        "@id": "node/5268700370",
        "addr:city": "Cкoпje",
        "addr:housenumber": "15",
        "addr:postcode": "1000",
        "addr:street": "Никола Русински",
        "amenity": "restaurant",
        "cuisine": "pizza",
        "delivery": "yes",
        "name": "Pizza Jakomo",
        "outdoor_seating": "yes",
        "phone": "+37976338668;+38978338668",
        "website": "https://pizzajakomo.com/"
      },
      "geometry": {
        "type": "Point",
        "coordinates": [21.3931934, 42.0044372]
      },
      "id": "node/5268700370"
    },
    {
      "type": "Feature",
      "properties": {
        "@id": "node/5284221296",
        "amenity": "cafe",
        "name": "Laika"
      },
      "geometry": {
        "type": "Point",
        "coordinates": [21.4216953, 42.0013652]
      },
      "id": "node/5284221296"
    },
    {
      "type": "Feature",
      "properties": {
        "@id": "node/5284221297",
        "amenity": "bar",
        "name": "Kaldrma"
      },
      "geometry": {
        "type": "Point",
        "coordinates": [21.4216722, 42.0021654]
      },
      "id": "node/5284221297"
    },
    {
      "type": "Feature",
      "properties": {
        "@id": "node/5284221299",
        "amenity": "bar",
        "name": "Van Gogh"
      },
      "geometry": {
        "type": "Point",
        "coordinates": [21.4217791, 42.0022762]
      },
      "id": "node/5284221299"
    },
    {
      "type": "Feature",
      "properties": {
        "@id": "node/5289611966",
        "amenity": "pub",
        "name": "Pub"
      },
      "geometry": {
        "type": "Point",
        "coordinates": [21.3813851, 42.0057436]
      },
      "id": "node/5289611966"
    },
    {
      "type": "Feature",
      "properties": {
        "@id": "node/5289706560",
        "amenity": "fast_food",
        "brand": "Burger King",
        "brand:wikidata": "Q177054",
        "brand:wikipedia": "en:Burger King",
        "check_date": "2026-01-04",
        "cuisine": "burger",
        "internet_access": "wlan",
        "internet_access:fee": "no",
        "name": "Burger King",
        "payment:cash": "yes",
        "payment:credit_cards": "yes",
        "payment:debit_cards": "yes",
        "takeaway": "yes",
        "wheelchair": "yes"
      },
      "geometry": {
        "type": "Point",
        "coordinates": [21.4281132, 41.9914029]
      },
      "id": "node/5289706560"
    },
    {
      "type": "Feature",
      "properties": {
        "@id": "node/5289706561",
        "amenity": "restaurant",
        "name": "Star Ocean"
      },
      "geometry": {
        "type": "Point",
        "coordinates": [21.4279104, 41.9915266]
      },
      "id": "node/5289706561"
    },
    {
      "type": "Feature",
      "properties": {
        "@id": "node/5292130848",
        "amenity": "restaurant",
        "name": "Fitness house"
      },
      "geometry": {
        "type": "Point",
        "coordinates": [21.4147067, 42.0005559]
      },
      "id": "node/5292130848"
    },
    {
      "type": "Feature",
      "properties": {
        "@id": "node/5292130849",
        "amenity": "fast_food",
        "name": "American best burger"
      },
      "geometry": {
        "type": "Point",
        "coordinates": [21.424583, 41.9965778]
      },
      "id": "node/5292130849"
    },
    {
      "type": "Feature",
      "properties": {
        "@id": "node/5299947547",
        "amenity": "restaurant",
        "cuisine": "greek",
        "name": "Gyro House"
      },
      "geometry": {
        "type": "Point",
        "coordinates": [21.4000959, 42.0029936]
      },
      "id": "node/5299947547"
    },
    {
      "type": "Feature",
      "properties": {
        "@id": "node/5303948278",
        "amenity": "bar",
        "name": "Hazard Club",
        "sport": "cue"
      },
      "geometry": {
        "type": "Point",
        "coordinates": [21.3688665, 42.0078535]
      },
      "id": "node/5303948278"
    },
    {
      "type": "Feature",
      "properties": {
        "@id": "node/5324087246",
        "amenity": "bar",
        "name": "Tesla Bar"
      },
      "geometry": {
        "type": "Point",
        "coordinates": [21.4107086, 42.0052868]
      },
      "id": "node/5324087246"
    },
    {
      "type": "Feature",
      "properties": {
        "@id": "node/5331095878",
        "amenity": "fast_food",
        "name": "Etna"
      },
      "geometry": {
        "type": "Point",
        "coordinates": [21.4020786, 42.0065896]
      },
      "id": "node/5331095878"
    },
    {
      "type": "Feature",
      "properties": {
        "@id": "node/5333583388",
        "amenity": "cafe",
        "cuisine": "regional",
        "name": "Giovani",
        "name:en": "Giovani",
        "name:mk": "Џовани"
      },
      "geometry": {
        "type": "Point",
        "coordinates": [21.3991821, 42.0034483]
      },
      "id": "node/5333583388"
    },
    {
      "type": "Feature",
      "properties": {
        "@id": "node/5339772021",
        "addr:postcode": "1000",
        "amenity": "bar",
        "check_date": "2024-09-30",
        "name": "Centar Bar",
        "opening_hours": "Mo-Su 09:00-23:00"
      },
      "geometry": {
        "type": "Point",
        "coordinates": [21.4290413, 41.9947622]
      },
      "id": "node/5339772021"
    },
    {
      "type": "Feature",
      "properties": {
        "@id": "node/5431407636",
        "amenity": "fast_food",
        "name": "Magic"
      },
      "geometry": {
        "type": "Point",
        "coordinates": [21.4012616, 42.0032708]
      },
      "id": "node/5431407636"
    },
    {
      "type": "Feature",
      "properties": {
        "@id": "node/5467884712",
        "amenity": "restaurant",
        "int_name": "Kafana Sokak",
        "name": "Кафана Сокак",
        "name:mk": "Кафана Сокак",
        "opening_hours": "Mo-Th 08:00-24:00, Fr 08:00-01:00, Sa 08:00-24:00, Su 12:00-23:30"
      },
      "geometry": {
        "type": "Point",
        "coordinates": [21.4808444, 41.9837709]
      },
      "id": "node/5467884712"
    },
    {
      "type": "Feature",
      "properties": {
        "@id": "node/5534803022",
        "addr:postcode": "1000",
        "amenity": "restaurant",
        "name": "Oljo's Burger"
      },
      "geometry": {
        "type": "Point",
        "coordinates": [21.4218407, 42.0023198]
      },
      "id": "node/5534803022"
    },
    {
      "type": "Feature",
      "properties": {
        "@id": "node/5548809221",
        "amenity": "restaurant",
        "cuisine": "local;barbecue",
        "name": "кај сердарот",
        "name:en": "Kaj Serdarot",
        "outdoor_seating": "yes"
      },
      "geometry": {
        "type": "Point",
        "coordinates": [21.4366123, 41.9995926]
      },
      "id": "node/5548809221"
    },
    {
      "type": "Feature",
      "properties": {
        "@id": "node/5559033546",
        "amenity": "pub",
        "cocktails": "yes",
        "cuisine": "pizza",
        "food": "yes",
        "name": "Lounge Bar Divan",
        "operator": "Hotel Stone Bridge",
        "outdoor_seating": "yes",
        "smoking": "separated"
      },
      "geometry": {
        "type": "Point",
        "coordinates": [21.4349757, 41.9974686]
      },
      "id": "node/5559033546"
    },
    {
      "type": "Feature",
      "properties": {
        "@id": "node/5561692079",
        "amenity": "restaurant",
        "name": "Тарапана"
      },
      "geometry": {
        "type": "Point",
        "coordinates": [21.4565032, 41.9729164]
      },
      "id": "node/5561692079"
    },
    {
      "type": "Feature",
      "properties": {
        "@id": "node/5572053321",
        "addr:postcode": "1000",
        "addr:street": "Живко Чинго",
        "amenity": "restaurant",
        "cuisine": "chicken;diner;beef_bowl;american;ice_cream;local;tea;pizza;burger;cake;pasta;french;italian_pizza;seafood;crepe;pancake;sandwich;coffee_shop;balkan;mediterranean;croatian;fish;kebab;breakfast;grill",
        "diet:vegan": "yes",
        "internet_access": "wlan",
        "name": "Дебар Маало",
        "name:en": "Debar Maalo",
        "opening_hours": "Su-Th 08:00-00:30; Fr-Sa 08:00-01:00",
        "phone": "+38976219654"
      },
      "geometry": {
        "type": "Point",
        "coordinates": [21.4205747, 42.0013292]
      },
      "id": "node/5572053321"
    },
    {
      "type": "Feature",
      "properties": {
        "@id": "node/5604182920",
        "addr:city": "Cкoпje",
        "addr:housenumber": "14",
        "addr:postcode": "1000",
        "addr:street": "Булевар Партизански Одреди",
        "amenity": "cafe",
        "check_date": "2025-06-13",
        "name": "Mikel"
      },
      "geometry": {
        "type": "Point",
        "coordinates": [21.4253762, 41.9986406]
      },
      "id": "node/5604182920"
    },
    {
      "type": "Feature",
      "properties": {
        "@id": "node/5624670966",
        "addr:housenumber": "80",
        "addr:postcode": "1000",
        "addr:street": "Булевар Илинден",
        "amenity": "restaurant",
        "cuisine": "balkan",
        "email": "mezebarmcm@gmail.com",
        "internet_access": "wlan",
        "name": "МЦМ Мезе Бар",
        "name:en": "MCM Meze Bar",
        "opening_hours": "24/7",
        "phone": "+38970250420"
      },
      "geometry": {
        "type": "Point",
        "coordinates": [21.4235595, 42.0023813]
      },
      "id": "node/5624670966"
    },
    {
      "type": "Feature",
      "properties": {
        "@id": "node/5624682355",
        "amenity": "restaurant",
        "name": "Костарика",
        "name:en": "Kostarika"
      },
      "geometry": {
        "type": "Point",
        "coordinates": [21.4239655, 42.0028235]
      },
      "id": "node/5624682355"
    },
    {
      "type": "Feature",
      "properties": {
        "@id": "node/5624682356",
        "amenity": "restaurant",
        "name": "Калабалак",
        "name:en": "Kalabalak",
        "old_name": "Скала"
      },
      "geometry": {
        "type": "Point",
        "coordinates": [21.4242333, 42.003366]
      },
      "id": "node/5624682356"
    },
    {
      "type": "Feature",
      "properties": {
        "@id": "node/5624682357",
        "amenity": "restaurant",
        "name": "Старо Скупи",
        "name:en": "Staro Skupi"
      },
      "geometry": {
        "type": "Point",
        "coordinates": [21.4240111, 42.0028813]
      },
      "id": "node/5624682357"
    },
    {
      "type": "Feature",
      "properties": {
        "@id": "node/5624682358",
        "amenity": "restaurant",
        "cuisine": "pizza",
        "name": "Занзибар",
        "name:en": "Zanzibar"
      },
      "geometry": {
        "type": "Point",
        "coordinates": [21.4240218, 42.0030128]
      },
      "id": "node/5624682358"
    },
    {
      "type": "Feature",
      "properties": {
        "@id": "node/5626432520",
        "amenity": "restaurant",
        "name": "Идадија",
        "name:en": "Idadija"
      },
      "geometry": {
        "type": "Point",
        "coordinates": [21.4210921, 42.0013712]
      },
      "id": "node/5626432520"
    },
    {
      "type": "Feature",
      "properties": {
        "@id": "node/5626433431",
        "amenity": "restaurant",
        "name": "Наџак",
        "name:en": "Nadzak"
      },
      "geometry": {
        "type": "Point",
        "coordinates": [21.4214837, 42.001453]
      },
      "id": "node/5626433431"
    },
    {
      "type": "Feature",
      "properties": {
        "@id": "node/5626433502",
        "amenity": "restaurant",
        "name": "Кај Перо",
        "name:en": "Kaj Pero",
        "opening_hours": "Mo-Sa 13:00-24:00"
      },
      "geometry": {
        "type": "Point",
        "coordinates": [21.4208093, 42.0014967]
      },
      "id": "node/5626433502"
    },
    {
      "type": "Feature",
      "properties": {
        "@id": "node/5659318796",
        "amenity": "bar",
        "indoor_seating": "yes",
        "name": "Radio bar",
        "opening_hours": "PH,Mo-Su 09:00-24:00, Fr,Sa 09:00-01:00",
        "outdoor_seating": "yes"
      },
      "geometry": {
        "type": "Point",
        "coordinates": [21.423451, 42.0002331]
      },
      "id": "node/5659318796"
    },
    {
      "type": "Feature",
      "properties": {
        "@id": "node/5687563887",
        "addr:city": "Скопје",
        "addr:housenumber": "2",
        "addr:postcode": "1000",
        "addr:street": "Димитрие Чуповски",
        "amenity": "fast_food",
        "cuisine": "waffle",
        "drive_through": "no",
        "name": "BubbleWaffle's",
        "opening_hours": "10:00-21:00",
        "outdoor_seating": "no",
        "phone": "+389 78 243 483",
        "takeaway": "yes",
        "website": "https://www.facebook.com/bubblewaffleskopje/"
      },
      "geometry": {
        "type": "Point",
        "coordinates": [21.4318234, 41.994432]
      },
      "id": "node/5687563887"
    },
    {
      "type": "Feature",
      "properties": {
        "@id": "node/5692608680",
        "amenity": "restaurant",
        "cuisine": "kebab",
        "name": "Gostilnica Estel",
        "operator": "Estel",
        "outdoor_seating": "yes"
      },
      "geometry": {
        "type": "Point",
        "coordinates": [21.4236496, 41.9990664]
      },
      "id": "node/5692608680"
    },
    {
      "type": "Feature",
      "properties": {
        "@id": "node/5713714222",
        "amenity": "cafe",
        "dog": "yes",
        "name": "AvAv Dog Park"
      },
      "geometry": {
        "type": "Point",
        "coordinates": [21.3885778, 42.0229571]
      },
      "id": "node/5713714222"
    },
    {
      "type": "Feature",
      "properties": {
        "@id": "node/5759414045",
        "amenity": "bar",
        "name": "Bar"
      },
      "geometry": {
        "type": "Point",
        "coordinates": [21.4661079, 41.9937893]
      },
      "id": "node/5759414045"
    },
    {
      "type": "Feature",
      "properties": {
        "@id": "node/5770427174",
        "amenity": "restaurant",
        "name": "Aleksandrija"
      },
      "geometry": {
        "type": "Point",
        "coordinates": [21.3740403, 42.0063483]
      },
      "id": "node/5770427174"
    },
    {
      "type": "Feature",
      "properties": {
        "@id": "node/5782900754",
        "addr:postcode": "1000",
        "amenity": "fast_food",
        "cuisine": "sandwich;italian_pizza",
        "email": "bokiev44@gmail.com",
        "name": "Пицерија Џокер",
        "name:en": "Pizza Joker",
        "opening_hours": "Mo-Fr 09:00-23:00; Sa 11:00-11:00; Su 12:00-20:00",
        "phone": "+38976840031"
      },
      "geometry": {
        "type": "Point",
        "coordinates": [21.4457433, 41.9878133]
      },
      "id": "node/5782900754"
    },
    {
      "type": "Feature",
      "properties": {
        "@id": "node/5789449053",
        "amenity": "restaurant",
        "check_date": "2024-10-02",
        "cuisine": "local",
        "internet_access": "wlan",
        "name": "СНОШТИ МИНАВ",
        "name:en": "SNOSTI MINAV"
      },
      "geometry": {
        "type": "Point",
        "coordinates": [21.4361151, 41.9995917]
      },
      "id": "node/5789449053"
    },
    {
      "type": "Feature",
      "properties": {
        "@id": "node/5813417254",
        "addr:postcode": "1000",
        "addr:street": "Живко Чинго",
        "amenity": "restaurant",
        "cuisine": "savory_pancakes;german;chicken;diner;american;local;barbecue;tea;fine_dining;cake;pasta;international;french;greek;seafood;fish_and_chips;pancake;sandwich;coffee_shop;balkan;mediterranean;croatian;ramen;turkish;fish;kebab;grill",
        "diet:vegan": "yes",
        "internet_access": "wlan",
        "name": "Кафана \"Дебар Маало\"",
        "name:en": "Kafana \"Debar Maalo\"",
        "opening_hours": "Mo-Th 08:00-00:00; Fr-Su 08:00-01:00",
        "phone": "+38971279660"
      },
      "geometry": {
        "type": "Point",
        "coordinates": [21.4201149, 42.000778]
      },
      "id": "node/5813417254"
    },
    {
      "type": "Feature",
      "properties": {
        "@id": "node/5840484087",
        "amenity": "restaurant",
        "cuisine": "macedonian",
        "name": "Буре"
      },
      "geometry": {
        "type": "Point",
        "coordinates": [21.4001853, 42.0031615]
      },
      "id": "node/5840484087"
    },
    {
      "type": "Feature",
      "properties": {
        "@id": "node/5841696956",
        "addr:city": "Скопје",
        "amenity": "cafe",
        "check_date:opening_hours": "2023-06-23",
        "diet:vegetarian": "yes",
        "indoor_seating": "no",
        "name": "Џус Бар - Милениумски крст",
        "name:en": "Juice Bar - Millennium Cross",
        "opening_hours:signed": "no",
        "outdoor_seating": "yes",
        "smoking": "yes",
        "wheelchair": "limited"
      },
      "geometry": {
        "type": "Point",
        "coordinates": [21.3943099, 41.9650706]
      },
      "id": "node/5841696956"
    },
    {
      "type": "Feature",
      "properties": {
        "@id": "node/5859233985",
        "addr:city": "Cкoпje",
        "addr:postcode": "1000",
        "amenity": "cafe",
        "cuisine": "coffee_shop;balkan;ice_cream;irish;regional;tea;turkish",
        "internet_access": "wlan",
        "name": "Kandi",
        "name:en": "Kandy",
        "opening_hours": "Mo-Su 07:15-00:00",
        "operator": "Mensur&Hasan"
      },
      "geometry": {
        "type": "Point",
        "coordinates": [21.4341981, 42.0128215]
      },
      "id": "node/5859233985"
    },
    {
      "type": "Feature",
      "properties": {
        "@id": "node/5863885686",
        "addr:postcode": "1000",
        "amenity": "bar",
        "internet_access": "wlan",
        "name": "Ле Петит",
        "name:en": "Le Petit",
        "opening_hours": "Mo-Su 08:00-01:00"
      },
      "geometry": {
        "type": "Point",
        "coordinates": [21.461349, 42.0027031]
      },
      "id": "node/5863885686"
    },
    {
      "type": "Feature",
      "properties": {
        "@id": "node/5869018606",
        "amenity": "fast_food",
        "cuisine": "regional;sandwich",
        "name": "Млечен ресторант АНЕ"
      },
      "geometry": {
        "type": "Point",
        "coordinates": [21.4604068, 42.0026862]
      },
      "id": "node/5869018606"
    },
    {
      "type": "Feature",
      "properties": {
        "@id": "node/5908867785",
        "amenity": "bar",
        "name": "Паб Олд Лејди",
        "name:en": "Old lady beer bar"
      },
      "geometry": {
        "type": "Point",
        "coordinates": [21.4380805, 41.9945699]
      },
      "id": "node/5908867785"
    },
    {
      "type": "Feature",
      "properties": {
        "@id": "node/6018277485",
        "amenity": "cafe",
        "location": "Center",
        "name": "Squeeze Me",
        "name:en": "Squeeze Me",
        "opening_hours": "Mo-Su 09:00-21:00"
      },
      "geometry": {
        "type": "Point",
        "coordinates": [21.4284228, 41.9971825]
      },
      "id": "node/6018277485"
    },
    {
      "type": "Feature",
      "properties": {
        "@id": "node/6032865285",
        "amenity": "cafe",
        "cuisine": "crepe;coffee_shop;cake;ice_cream",
        "location": "Old Bazaar",
        "name": "k8",
        "opening_hours": "Mo-Su 10:00-22:00"
      },
      "geometry": {
        "type": "Point",
        "coordinates": [21.4361778, 42.0002555]
      },
      "id": "node/6032865285"
    },
    {
      "type": "Feature",
      "properties": {
        "@id": "node/6032865286",
        "amenity": "restaurant",
        "cuisine": "barbecue;local",
        "indoor_seating": "yes",
        "name": "Pçela",
        "opening_hours": "Mo-Su 08:45-23:45",
        "outdoor_seating": "yes"
      },
      "geometry": {
        "type": "Point",
        "coordinates": [21.4371953, 42.0002786]
      },
      "id": "node/6032865286"
    },
    {
      "type": "Feature",
      "properties": {
        "@id": "node/6054032912",
        "amenity": "cafe",
        "location": "Center",
        "name": "Manda Coffee Bar",
        "opening_hours": "Mo-Su 09:00-21:00"
      },
      "geometry": {
        "type": "Point",
        "coordinates": [21.428439, 41.9970171]
      },
      "id": "node/6054032912"
    },
    {
      "type": "Feature",
      "properties": {
        "@id": "node/6054035625",
        "addr:city": "Skopje",
        "addr:housenumber": "3",
        "addr:postcode": "1000",
        "addr:street": "Даме Груев",
        "amenity": "cafe",
        "name": "Слаткарница Малага",
        "name:de": "Süßwarenladen „Malaga“",
        "outdoor_seating": "yes",
        "source": "survey"
      },
      "geometry": {
        "type": "Point",
        "coordinates": [21.4276852, 41.9938504]
      },
      "id": "node/6054035625"
    },
    {
      "type": "Feature",
      "properties": {
        "@id": "node/6054048692",
        "amenity": "fast_food",
        "name": "Cafe Pauza"
      },
      "geometry": {
        "type": "Point",
        "coordinates": [21.4184238, 41.9993211]
      },
      "id": "node/6054048692"
    },
    {
      "type": "Feature",
      "properties": {
        "@id": "node/6054048705",
        "amenity": "restaurant",
        "cuisine": "german",
        "name": "Austrian Palace",
        "opening_hours": "Mo-Su 09:00-24:00"
      },
      "geometry": {
        "type": "Point",
        "coordinates": [21.4356281, 41.9995711]
      },
      "id": "node/6054048705"
    },
    {
      "type": "Feature",
      "properties": {
        "@id": "node/6054048726",
        "amenity": "cafe",
        "name": "Paladin M"
      },
      "geometry": {
        "type": "Point",
        "coordinates": [21.4158769, 42.0003534]
      },
      "id": "node/6054048726"
    },
    {
      "type": "Feature",
      "properties": {
        "@id": "node/6054048730",
        "amenity": "pub",
        "name": "Woodstock",
        "smoking": "yes",
        "takeaway": "yes",
        "toilets": "yes",
        "website": "http://woodstock.mk/"
      },
      "geometry": {
        "type": "Point",
        "coordinates": [21.4113116, 41.9955806]
      },
      "id": "node/6054048730"
    },
    {
      "type": "Feature",
      "properties": {
        "@id": "node/6054049788",
        "amenity": "fast_food",
        "check_date": "2024-10-04",
        "name": "Thai Box"
      },
      "geometry": {
        "type": "Point",
        "coordinates": [21.4238695, 41.9975168]
      },
      "id": "node/6054049788"
    },
    {
      "type": "Feature",
      "properties": {
        "@id": "node/6054049813",
        "amenity": "cafe",
        "name": "Mezzo"
      },
      "geometry": {
        "type": "Point",
        "coordinates": [21.4173314, 41.9947238]
      },
      "id": "node/6054049813"
    },
    {
      "type": "Feature",
      "properties": {
        "@id": "node/6054050095",
        "addr:city": "Cкoпje",
        "addr:housenumber": "19",
        "addr:postcode": "1000",
        "addr:street": "Булевар Партизански одреди",
        "amenity": "cafe",
        "internet_access": "wlan",
        "name": "Spalato",
        "opening_hours": "Mo-Su 08:00-01:00",
        "outdoor_seating": "yes"
      },
      "geometry": {
        "type": "Point",
        "coordinates": [21.4244255, 41.9980418]
      },
      "id": "node/6054050095"
    },
    {
      "type": "Feature",
      "properties": {
        "@id": "node/6054050099",
        "amenity": "restaurant",
        "name": "Воденица"
      },
      "geometry": {
        "type": "Point",
        "coordinates": [21.4135121, 41.9947932]
      },
      "id": "node/6054050099"
    },
    {
      "type": "Feature",
      "properties": {
        "@id": "node/6102488864",
        "alt_name": "Gostilnica Frosina",
        "amenity": "restaurant",
        "cuisine": "local",
        "name": "Restoran Frosina"
      },
      "geometry": {
        "type": "Point",
        "coordinates": [21.4199442, 41.9959518]
      },
      "id": "node/6102488864"
    },
    {
      "type": "Feature",
      "properties": {
        "@id": "node/6145381755",
        "amenity": "cafe",
        "name": "Sugarland"
      },
      "geometry": {
        "type": "Point",
        "coordinates": [21.3994796, 42.0030494]
      },
      "id": "node/6145381755"
    },
    {
      "type": "Feature",
      "properties": {
        "@id": "node/6164755129",
        "amenity": "fast_food",
        "cuisine": "sandwich",
        "name": "Bon Appetit",
        "operator": "ЈОНС-ТРОЈКА Кетеринг"
      },
      "geometry": {
        "type": "Point",
        "coordinates": [21.4101783, 42.0053452]
      },
      "id": "node/6164755129"
    },
    {
      "type": "Feature",
      "properties": {
        "@id": "node/6228007184",
        "amenity": "cafe",
        "name": "Krem"
      },
      "geometry": {
        "type": "Point",
        "coordinates": [21.393778, 42.004566]
      },
      "id": "node/6228007184"
    },
    {
      "type": "Feature",
      "properties": {
        "@id": "node/6275187295",
        "amenity": "restaurant",
        "name": "EZO"
      },
      "geometry": {
        "type": "Point",
        "coordinates": [21.4462164, 42.0365961]
      },
      "id": "node/6275187295"
    },
    {
      "type": "Feature",
      "properties": {
        "@id": "node/6278471769",
        "amenity": "restaurant",
        "name": "Меана Б Јавор Мрзенци"
      },
      "geometry": {
        "type": "Point",
        "coordinates": [21.4100468, 42.0127048]
      },
      "id": "node/6278471769"
    },
    {
      "type": "Feature",
      "properties": {
        "@id": "node/6287292136",
        "addr:street": "Булевар Јане Сандански",
        "amenity": "restaurant",
        "cuisine": "pizza",
        "int_name": "Domino's Pizza Aerodrom",
        "name": "Доминос Пица Аеродром",
        "name:mk": "Доминос Пица Аеродром",
        "opening_hours": "Mo-Su 10:00-24:00"
      },
      "geometry": {
        "type": "Point",
        "coordinates": [21.4701282, 41.9837535]
      },
      "id": "node/6287292136"
    },
    {
      "type": "Feature",
      "properties": {
        "@id": "node/6291341775",
        "amenity": "fast_food",
        "name": "ОК Бургер"
      },
      "geometry": {
        "type": "Point",
        "coordinates": [21.4375301, 41.98567]
      },
      "id": "node/6291341775"
    },
    {
      "type": "Feature",
      "properties": {
        "@id": "node/6307066053",
        "addr:city": "Cкoпje",
        "addr:housenumber": "93",
        "addr:postcode": "1000",
        "addr:street": "Орце Николов",
        "amenity": "cafe",
        "name": "fourplay"
      },
      "geometry": {
        "type": "Point",
        "coordinates": [21.423008, 42.0012294]
      },
      "id": "node/6307066053"
    },
    {
      "type": "Feature",
      "properties": {
        "@id": "node/6374712571",
        "addr:city": "Cкoпje",
        "addr:housenumber": "9A",
        "addr:postcode": "1000",
        "addr:street": "Никола Тесла",
        "amenity": "cafe",
        "cuisine": "sandwich;coffee_shop;bakery;ice_cream",
        "name": "Joy Café & Bakery (Karposh)",
        "outdoor_seating": "yes",
        "phone": "+389 2 307 6955",
        "website": "https://www.facebook.com/joycafeandbakery/"
      },
      "geometry": {
        "type": "Point",
        "coordinates": [21.4108992, 42.005579]
      },
      "id": "node/6374712571"
    },
    {
      "type": "Feature",
      "properties": {
        "@id": "node/6386335236",
        "amenity": "restaurant",
        "check_date": "2024-10-02",
        "name": "Kaj Гоце"
      },
      "geometry": {
        "type": "Point",
        "coordinates": [21.4362086, 41.9996644]
      },
      "id": "node/6386335236"
    },
    {
      "type": "Feature",
      "properties": {
        "@id": "node/6451451785",
        "amenity": "cafe",
        "name": "Coffee O'Clock"
      },
      "geometry": {
        "type": "Point",
        "coordinates": [21.4260361, 41.9907255]
      },
      "id": "node/6451451785"
    },
    {
      "type": "Feature",
      "properties": {
        "@id": "node/6466749619",
        "amenity": "bar",
        "name": "Mr. Jack",
        "outdoor_seating": "yes"
      },
      "geometry": {
        "type": "Point",
        "coordinates": [21.4268984, 41.9964359]
      },
      "id": "node/6466749619"
    },
    {
      "type": "Feature",
      "properties": {
        "@id": "node/6501316341",
        "amenity": "bar",
        "name": "BKW Hybrid Bar",
        "outdoor_seating": "yes"
      },
      "geometry": {
        "type": "Point",
        "coordinates": [21.4061061, 41.9970446]
      },
      "id": "node/6501316341"
    },
    {
      "type": "Feature",
      "properties": {
        "@id": "node/6577887485",
        "addr:street": "Булевар Климент Охридски",
        "amenity": "cafe",
        "cuisine": "burger;sandwich;cake;coffee_shop",
        "diet:vegan": "yes",
        "diet:vegetarian": "yes",
        "name": "Веган365Кујна",
        "name:en": "Vegan365Kitchen",
        "name:ru": "Веган365Кухня",
        "opening_hours": "Mo-Fr 09:00-17:00",
        "phone": "+389 75 585 255",
        "website": "https://vegan365kitchen.com/"
      },
      "geometry": {
        "type": "Point",
        "coordinates": [21.4263142, 41.9992458]
      },
      "id": "node/6577887485"
    },
    {
      "type": "Feature",
      "properties": {
        "@id": "node/6604781586",
        "addr:postcode": "1000",
        "amenity": "restaurant",
        "cuisine": "pizza",
        "email": "contact@lapizza.mk",
        "internet_access": "wlan",
        "name": "Ла пица",
        "name:en": "LaPizza",
        "opening_hours": "Tu-Su 08:00-23:30",
        "operator": "Тодор Ѓорѓиев",
        "phone": "+38972575756",
        "website": "https://lapizza.mk/"
      },
      "geometry": {
        "type": "Point",
        "coordinates": [21.4681967, 41.9819621]
      },
      "id": "node/6604781586"
    },
    {
      "type": "Feature",
      "properties": {
        "@id": "node/6781335887",
        "amenity": "restaurant",
        "name": "Kebapčilinica Rio",
        "name:en": "Grill House Rio"
      },
      "geometry": {
        "type": "Point",
        "coordinates": [21.4360459, 41.999319]
      },
      "id": "node/6781335887"
    },
    {
      "type": "Feature",
      "properties": {
        "@id": "node/6788977446",
        "addr:housenumber": "20",
        "addr:street": "Франклин Рузвелт",
        "amenity": "restaurant",
        "name": "Vega"
      },
      "geometry": {
        "type": "Point",
        "coordinates": [21.4131738, 41.9995518]
      },
      "id": "node/6788977446"
    },
    {
      "type": "Feature",
      "properties": {
        "@id": "node/6796436088",
        "amenity": "restaurant",
        "check_date": "2025-01-04",
        "name": "Сараево",
        "name:en": "Saraj",
        "opening_hours": "Mo-Su 07:30-19:00"
      },
      "geometry": {
        "type": "Point",
        "coordinates": [21.4381319, 42.0015097]
      },
      "id": "node/6796436088"
    },
    {
      "type": "Feature",
      "properties": {
        "@id": "node/6802029812",
        "amenity": "cafe",
        "cuisine": "coffee_shop;sandwich;cake",
        "location": "Center",
        "name": "Home Brews",
        "opening_hours": "Mo-Su 09:00-22:00"
      },
      "geometry": {
        "type": "Point",
        "coordinates": [21.4297644, 41.9974096]
      },
      "id": "node/6802029812"
    },
    {
      "type": "Feature",
      "properties": {
        "@id": "node/6810254485",
        "amenity": "bar",
        "cuisine": "buschenschank;international",
        "name": "Three Kitchen Bar"
      },
      "geometry": {
        "type": "Point",
        "coordinates": [21.4251713, 41.9907645]
      },
      "id": "node/6810254485"
    },
    {
      "type": "Feature",
      "properties": {
        "@id": "node/6811622585",
        "addr:housenumber": "52",
        "addr:street": "Архиепископ Ангелариј",
        "amenity": "fast_food",
        "check_date": "2025-01-04",
        "contact:instagram": "engincigkofte",
        "cuisine": "sandwich;turkish",
        "diet:vegan": "yes",
        "diet:vegetarian": "only",
        "name": "Engin Cigköfte (vegetarian)",
        "name:mk": "Engin Cigköfte (very good vegetarian)",
        "phone": "+3897087707"
      },
      "geometry": {
        "type": "Point",
        "coordinates": [21.4358076, 41.9997339]
      },
      "id": "node/6811622585"
    },
    {
      "type": "Feature",
      "properties": {
        "@id": "node/6812666808",
        "addr:city": "Cкoпje",
        "addr:housenumber": "7",
        "addr:postcode": "1000",
        "addr:street": "Максим Горки",
        "amenity": "restaurant",
        "name": "Дистрикт",
        "name:en": "Distrikt",
        "opening_hours": "Su-Th 07:00-24:00, Fr,Sa 07:00-01:00"
      },
      "geometry": {
        "type": "Point",
        "coordinates": [21.430225, 41.9961604]
      },
      "id": "node/6812666808"
    },
    {
      "type": "Feature",
      "properties": {
        "@id": "node/6814231688",
        "amenity": "restaurant",
        "check_date": "2024-10-02",
        "name": "Tako mako"
      },
      "geometry": {
        "type": "Point",
        "coordinates": [21.4365599, 42.0005265]
      },
      "id": "node/6814231688"
    },
    {
      "type": "Feature",
      "properties": {
        "@id": "node/6814231702",
        "amenity": "restaurant",
        "name": "Markt kitchen"
      },
      "geometry": {
        "type": "Point",
        "coordinates": [21.4285563, 41.9969456]
      },
      "id": "node/6814231702"
    },
    {
      "type": "Feature",
      "properties": {
        "@id": "node/6814231792",
        "amenity": "cafe",
        "name": "Urban",
        "opening_hours": "24/7"
      },
      "geometry": {
        "type": "Point",
        "coordinates": [21.4370091, 41.9999671]
      },
      "id": "node/6814231792"
    },
    {
      "type": "Feature",
      "properties": {
        "@id": "node/6814231793",
        "amenity": "restaurant",
        "check_date": "2024-10-02",
        "name": "Sac"
      },
      "geometry": {
        "type": "Point",
        "coordinates": [21.4374652, 42.0002543]
      },
      "id": "node/6814231793"
    },
    {
      "type": "Feature",
      "properties": {
        "@id": "node/6814236587",
        "amenity": "restaurant",
        "name": "Барик"
      },
      "geometry": {
        "type": "Point",
        "coordinates": [21.4224937, 42.0019483]
      },
      "id": "node/6814236587"
    },
    {
      "type": "Feature",
      "properties": {
        "@id": "node/6814236601",
        "amenity": "fast_food",
        "name": "Cardak"
      },
      "geometry": {
        "type": "Point",
        "coordinates": [21.4381868, 42.0025858]
      },
      "id": "node/6814236601"
    },
    {
      "type": "Feature",
      "properties": {
        "@id": "node/6814236605",
        "amenity": "fast_food",
        "name": "Tetekis"
      },
      "geometry": {
        "type": "Point",
        "coordinates": [21.4387207, 42.0029094]
      },
      "id": "node/6814236605"
    },
    {
      "type": "Feature",
      "properties": {
        "@id": "node/6814236621",
        "amenity": "restaurant",
        "name": "Palas"
      },
      "geometry": {
        "type": "Point",
        "coordinates": [21.4385882, 42.002112]
      },
      "id": "node/6814236621"
    },
    {
      "type": "Feature",
      "properties": {
        "@id": "node/6814245589",
        "amenity": "restaurant",
        "name": "Schpajs",
        "name:mk": "Шпајз"
      },
      "geometry": {
        "type": "Point",
        "coordinates": [21.4219242, 42.0017089]
      },
      "id": "node/6814245589"
    },
    {
      "type": "Feature",
      "properties": {
        "@id": "node/6814246690",
        "amenity": "cafe",
        "location": "Old Bazaar",
        "name": "Coffe Tearoom Lachi",
        "opening_hours": "Mo-Sa 08:00-18:00"
      },
      "geometry": {
        "type": "Point",
        "coordinates": [21.4364615, 42.0003942]
      },
      "id": "node/6814246690"
    },
    {
      "type": "Feature",
      "properties": {
        "@id": "node/6814246713",
        "amenity": "fast_food",
        "name": "Doner"
      },
      "geometry": {
        "type": "Point",
        "coordinates": [21.4389514, 42.0023225]
      },
      "id": "node/6814246713"
    },
    {
      "type": "Feature",
      "properties": {
        "@id": "node/6814246719",
        "amenity": "fast_food",
        "name": "Turkish Doner"
      },
      "geometry": {
        "type": "Point",
        "coordinates": [21.4398152, 42.0004802]
      },
      "id": "node/6814246719"
    },
    {
      "type": "Feature",
      "properties": {
        "@id": "node/6814246723",
        "amenity": "cafe",
        "name": "Bomonti",
        "opening_hours": "Mo-Su 10:00-22:00"
      },
      "geometry": {
        "type": "Point",
        "coordinates": [21.4373153, 41.999797]
      },
      "id": "node/6814246723"
    },
    {
      "type": "Feature",
      "properties": {
        "@id": "node/6814246726",
        "amenity": "restaurant",
        "cuisine": "sushi",
        "name": "Море Маниа",
        "name:en": "More Mania"
      },
      "geometry": {
        "type": "Point",
        "coordinates": [21.4283051, 41.9982749]
      },
      "id": "node/6814246726"
    },
    {
      "type": "Feature",
      "properties": {
        "@id": "node/6814247285",
        "amenity": "fast_food",
        "name": "Hamza Doner"
      },
      "geometry": {
        "type": "Point",
        "coordinates": [21.4384421, 42.0021842]
      },
      "id": "node/6814247285"
    },
    {
      "type": "Feature",
      "properties": {
        "@id": "node/6815434686",
        "amenity": "restaurant",
        "name": "Plaset",
        "name:en": "Restoran Saraj",
        "opening_hours": "Mo-Su 07:00-02:00"
      },
      "geometry": {
        "type": "Point",
        "coordinates": [21.4382061, 42.0016292]
      },
      "id": "node/6815434686"
    },
    {
      "type": "Feature",
      "properties": {
        "@id": "node/6815434688",
        "amenity": "cafe",
        "name": "Toto",
        "name:en": "Toto Daily Bistro",
        "opening_hours": "Mo-Sa 08:00-01:00"
      },
      "geometry": {
        "type": "Point",
        "coordinates": [21.4225095, 41.9967222]
      },
      "id": "node/6815434688"
    },
    {
      "type": "Feature",
      "properties": {
        "@id": "node/6815434691",
        "amenity": "restaurant",
        "name": "Млечен Бар"
      },
      "geometry": {
        "type": "Point",
        "coordinates": [21.4086507, 41.9971719]
      },
      "id": "node/6815434691"
    },
    {
      "type": "Feature",
      "properties": {
        "@id": "node/6815454585",
        "air_conditioning": "yes",
        "amenity": "fast_food",
        "drive_through": "yes",
        "indoor_seating": "yes",
        "name": "kfc",
        "opening_hours": "Mo-Su,PH 11:00-24:00",
        "operator": "KFC",
        "outdoor_seating": "yes",
        "payment:credit_cards": "yes",
        "payment:debit_cards": "yes",
        "smoking": "outside",
        "wheelchair": "yes"
      },
      "geometry": {
        "type": "Point",
        "coordinates": [21.4293359, 42.0250769]
      },
      "id": "node/6815454585"
    },
    {
      "type": "Feature",
      "properties": {
        "@id": "node/6815454785",
        "amenity": "restaurant",
        "name": "Букет"
      },
      "geometry": {
        "type": "Point",
        "coordinates": [21.4244578, 41.9945241]
      },
      "id": "node/6815454785"
    },
    {
      "type": "Feature",
      "properties": {
        "@id": "node/6815559888",
        "addr:city": "Cкoпje",
        "addr:housenumber": "23",
        "addr:postcode": "1000",
        "addr:street": "Булевар Партизански Одреди",
        "amenity": "cafe",
        "name": "Shakespeare Cafe",
        "name:mk": "Шекспир Кафе",
        "opening_hours": "Mo-Su 08:00-00:00",
        "outdoor_seating": "yes"
      },
      "geometry": {
        "type": "Point",
        "coordinates": [21.4234973, 41.9981835]
      },
      "id": "node/6815559888"
    },
    {
      "type": "Feature",
      "properties": {
        "@id": "node/6815918386",
        "addr:housenumber": "2",
        "addr:postcode": "1000",
        "addr:street": "St. Debarca",
        "amenity": "fast_food",
        "cuisine": "pizza",
        "drive_through": "no",
        "name": "Matto Napoletano",
        "outdoor_seating": "yes",
        "phone": "+38971343063",
        "website": "http://mattonapolitano.com"
      },
      "geometry": {
        "type": "Point",
        "coordinates": [21.4243264, 41.9963262]
      },
      "id": "node/6815918386"
    },
    {
      "type": "Feature",
      "properties": {
        "@id": "node/6815925985",
        "amenity": "cafe",
        "name": "Juicy&co"
      },
      "geometry": {
        "type": "Point",
        "coordinates": [21.4223059, 41.9974479]
      },
      "id": "node/6815925985"
    },
    {
      "type": "Feature",
      "properties": {
        "@id": "node/6815931187",
        "amenity": "fast_food",
        "brand": "Burger King",
        "brand:wikidata": "Q177054",
        "brand:wikipedia": "mk:Бургер Кинг",
        "cuisine": "burger",
        "drive_through": "no",
        "indoor_seating": "yes",
        "name": "Burger King",
        "name:de": "Burger King",
        "name:fr": "Burger King",
        "name:mk": "Бургер Кинг",
        "name:sr": "Бургер Кинг",
        "opening_hours": "Mo-Su 10:00-22:00",
        "outdoor_seating": "no",
        "takeaway": "yes"
      },
      "geometry": {
        "type": "Point",
        "coordinates": [21.4323724, 41.9959322]
      },
      "id": "node/6815931187"
    },
    {
      "type": "Feature",
      "properties": {
        "@id": "node/6815931385",
        "amenity": "bar",
        "name": "Nano"
      },
      "geometry": {
        "type": "Point",
        "coordinates": [21.4209912, 42.0003785]
      },
      "id": "node/6815931385"
    },
    {
      "type": "Feature",
      "properties": {
        "@id": "node/6815931391",
        "amenity": "cafe",
        "name": "Majahh"
      },
      "geometry": {
        "type": "Point",
        "coordinates": [21.4222629, 42.0023667]
      },
      "id": "node/6815931391"
    },
    {
      "type": "Feature",
      "properties": {
        "@id": "node/6815931392",
        "amenity": "restaurant",
        "name": "Metzka"
      },
      "geometry": {
        "type": "Point",
        "coordinates": [21.4186405, 42.0026188]
      },
      "id": "node/6815931392"
    },
    {
      "type": "Feature",
      "properties": {
        "@id": "node/6815931485",
        "amenity": "pub",
        "name": "Stobi Winery"
      },
      "geometry": {
        "type": "Point",
        "coordinates": [21.4209535, 42.0000999]
      },
      "id": "node/6815931485"
    },
    {
      "type": "Feature",
      "properties": {
        "@id": "node/6821158386",
        "amenity": "cafe",
        "location": "Old Bazaar",
        "name": "Kairo",
        "opening_hours": "Mo-Su 09:00-21:00"
      },
      "geometry": {
        "type": "Point",
        "coordinates": [21.4385935, 42.0030613]
      },
      "id": "node/6821158386"
    },
    {
      "type": "Feature",
      "properties": {
        "@id": "node/6821158388",
        "amenity": "cafe",
        "location": "Center",
        "name": "Coffee factory",
        "opening_hours": "Mo-Su 08:00-22:00"
      },
      "geometry": {
        "type": "Point",
        "coordinates": [21.4304151, 41.9940274]
      },
      "id": "node/6821158388"
    },
    {
      "type": "Feature",
      "properties": {
        "@id": "node/6821158389",
        "amenity": "cafe",
        "check_date": "2023-10-18",
        "location": "Center",
        "name": "JJ&S",
        "opening_hours": "Mo-Su 09:00-21:00"
      },
      "geometry": {
        "type": "Point",
        "coordinates": [21.4300233, 41.9924748]
      },
      "id": "node/6821158389"
    },
    {
      "type": "Feature",
      "properties": {
        "@id": "node/6821158588",
        "amenity": "restaurant",
        "indoor_seating": "yes",
        "name": "Laboratorium",
        "outdoor_seating": "yes"
      },
      "geometry": {
        "type": "Point",
        "coordinates": [21.4243092, 41.9942446]
      },
      "id": "node/6821158588"
    },
    {
      "type": "Feature",
      "properties": {
        "@id": "node/6821158686",
        "amenity": "cafe",
        "check_date": "2023-10-16",
        "location": "Center",
        "name": "Mulliri",
        "opening_hours": "Mo-Su 11:00-23:00"
      },
      "geometry": {
        "type": "Point",
        "coordinates": [21.434633, 41.9976507]
      },
      "id": "node/6821158686"
    },
    {
      "type": "Feature",
      "properties": {
        "@id": "node/6821158695",
        "amenity": "cafe",
        "location": "Center",
        "name": "MIG",
        "opening_hours": "Mo-Su 09:00-21:00"
      },
      "geometry": {
        "type": "Point",
        "coordinates": [21.430389, 41.9939851]
      },
      "id": "node/6821158695"
    },
    {
      "type": "Feature",
      "properties": {
        "@id": "node/6827032731",
        "amenity": "restaurant",
        "name": "Pizzeria Bik"
      },
      "geometry": {
        "type": "Point",
        "coordinates": [21.4415279, 42.0027517]
      },
      "id": "node/6827032731"
    },
    {
      "type": "Feature",
      "properties": {
        "@id": "node/6827032732",
        "amenity": "cafe",
        "location": "Old Bazaar",
        "name": "Gallery 7",
        "opening_hours": "Mo-Su 09:00-21:00"
      },
      "geometry": {
        "type": "Point",
        "coordinates": [21.438158, 42.0009497]
      },
      "id": "node/6827032732"
    },
    {
      "type": "Feature",
      "properties": {
        "@id": "node/6827032733",
        "amenity": "restaurant",
        "name": "Old Balkan"
      },
      "geometry": {
        "type": "Point",
        "coordinates": [21.4380383, 42.0011296]
      },
      "id": "node/6827032733"
    },
    {
      "type": "Feature",
      "properties": {
        "@id": "node/6827074010",
        "amenity": "cafe",
        "name": "Sultan Kejf"
      },
      "geometry": {
        "type": "Point",
        "coordinates": [21.4402065, 42.0027827]
      },
      "id": "node/6827074010"
    },
    {
      "type": "Feature",
      "properties": {
        "@id": "node/6827076186",
        "amenity": "restaurant",
        "name": "Kursumli An"
      },
      "geometry": {
        "type": "Point",
        "coordinates": [21.4371206, 42.0025774]
      },
      "id": "node/6827076186"
    },
    {
      "type": "Feature",
      "properties": {
        "@id": "node/6970147987",
        "amenity": "bar",
        "indoor_seating": "yes",
        "name": "Кафе Котур",
        "name:en": "Cafe Kotur",
        "outdoor_seating": "yes"
      },
      "geometry": {
        "type": "Point",
        "coordinates": [21.4294233, 41.9944998]
      },
      "id": "node/6970147987"
    },
    {
      "type": "Feature",
      "properties": {
        "@id": "node/7026834385",
        "amenity": "nightclub",
        "name": "Mezo Club",
        "name:en": "Club Epicentar"
      },
      "geometry": {
        "type": "Point",
        "coordinates": [21.4246156, 41.995751]
      },
      "id": "node/7026834385"
    },
    {
      "type": "Feature",
      "properties": {
        "@id": "node/7027075985",
        "amenity": "bar",
        "name": "12-12 “Дванаес Дванаес”",
        "name:en": "12-12 “Twelve - Twelve”",
        "name:mk": "12-12 “Дванаесет Дванаесет”"
      },
      "geometry": {
        "type": "Point",
        "coordinates": [21.4250967, 41.9907915]
      },
      "id": "node/7027075985"
    },
    {
      "type": "Feature",
      "properties": {
        "@id": "node/7027089085",
        "amenity": "nightclub",
        "name": "Станица 26",
        "name:en": "Station 26"
      },
      "geometry": {
        "type": "Point",
        "coordinates": [21.4255832, 41.9910739]
      },
      "id": "node/7027089085"
    },
    {
      "type": "Feature",
      "properties": {
        "@id": "node/7027229685",
        "amenity": "restaurant",
        "name": "Ресторан Национал",
        "name:en": "Restaurant National"
      },
      "geometry": {
        "type": "Point",
        "coordinates": [21.4352029, 41.993295]
      },
      "id": "node/7027229685"
    },
    {
      "type": "Feature",
      "properties": {
        "@id": "node/7027229686",
        "addr:city": "Cкoпje",
        "addr:housenumber": "18",
        "addr:postcode": "1000",
        "addr:street": "Максим Горки",
        "amenity": "restaurant",
        "check_date": "2023-09-01",
        "name": "Кај Јоле",
        "name:en": "Kaj Jole"
      },
      "geometry": {
        "type": "Point",
        "coordinates": [21.4282943, 41.9963119]
      },
      "id": "node/7027229686"
    },
    {
      "type": "Feature",
      "properties": {
        "@id": "node/7119714585",
        "amenity": "cafe",
        "internet_access": "wlan",
        "name": "Рузвелт",
        "name:en": "Roosvelt"
      },
      "geometry": {
        "type": "Point",
        "coordinates": [21.413452, 42.0019011]
      },
      "id": "node/7119714585"
    },
    {
      "type": "Feature",
      "properties": {
        "@id": "node/7130929832",
        "addr:city": "Cкoпje",
        "addr:postcode": "1000",
        "addr:street": "Орце Николов",
        "air_conditioning": "yes",
        "amenity": "restaurant",
        "cuisine": "international",
        "delivery": "no",
        "name": "Скадарлија",
        "outdoor_seating": "yes",
        "phone": "+38923052717",
        "reservation": "yes",
        "smoking": "separated",
        "website": "https://restoran-skadarlija-skopje.business.site/"
      },
      "geometry": {
        "type": "Point",
        "coordinates": [21.4147058, 42.0046693]
      },
      "id": "node/7130929832"
    },
    {
      "type": "Feature",
      "properties": {
        "@id": "node/7139002050",
        "amenity": "cafe",
        "name": "Дени Интернационал"
      },
      "geometry": {
        "type": "Point",
        "coordinates": [21.5433045, 41.9942246]
      },
      "id": "node/7139002050"
    },
    {
      "type": "Feature",
      "properties": {
        "@id": "node/7145674630",
        "addr:city": "Cкoпje",
        "addr:housenumber": "9",
        "addr:postcode": "1000",
        "addr:street": "Никола Тесла",
        "amenity": "bar",
        "check_date:opening_hours": "2021-02-15",
        "indoor_seating": "yes",
        "name": "Marvel Coffee Bar",
        "opening_hours": "Mo-Su 08:00-24:00",
        "outdoor_seating": "yes",
        "phone": "+38970278287"
      },
      "geometry": {
        "type": "Point",
        "coordinates": [21.4107786, 42.0052778]
      },
      "id": "node/7145674630"
    },
    {
      "type": "Feature",
      "properties": {
        "@id": "node/7822070322",
        "amenity": "bar",
        "name": "by the way"
      },
      "geometry": {
        "type": "Point",
        "coordinates": [21.4318702, 41.9874556]
      },
      "id": "node/7822070322"
    },
    {
      "type": "Feature",
      "properties": {
        "@id": "node/8094057485",
        "addr:city": "Cкoпje",
        "addr:housenumber": "21",
        "addr:postcode": "1000",
        "addr:street": "Атинска",
        "amenity": "restaurant",
        "name": "Сидро"
      },
      "geometry": {
        "type": "Point",
        "coordinates": [21.4097614, 41.9974684]
      },
      "id": "node/8094057485"
    },
    {
      "type": "Feature",
      "properties": {
        "@id": "node/8188519796",
        "amenity": "fast_food",
        "check_date:opening_hours": "2023-05-19",
        "cuisine": "pasta",
        "drive_through": "no",
        "name": "ЈЕС Паста",
        "name:en": "ЈЕS Pasta",
        "opening_hours": "Mo-Fr 08:00-18:00; Sa 08:00-14:00",
        "phone": "+38926090192",
        "website": "https://www.instagram.com/jes_pasta/"
      },
      "geometry": {
        "type": "Point",
        "coordinates": [21.4263872, 41.9968334]
      },
      "id": "node/8188519796"
    },
    {
      "type": "Feature",
      "properties": {
        "@id": "node/8434486650",
        "air_conditioning": "yes",
        "amenity": "restaurant",
        "cuisine": "pizza;italian",
        "name": "PIZZA Bellucci",
        "opening_hours": "Mo-Sa 10:00-00:00",
        "outdoor_seating": "yes",
        "payment:cash": "yes",
        "payment:credit_cards": "yes",
        "payment:mastercard": "yes",
        "payment:visa": "yes",
        "payment:visa_electron": "yes",
        "phone": "+389 77 838 838",
        "smoking": "outside",
        "takeaway": "yes",
        "website": "https://www.facebook.com/232325386663/posts/%D0%BF%D0%B8%D1%86%D0%B5%D1%80%D0%B8%D1%98%D0%B0-pizza-bellucci-%D0%B4%D1%80%D0%B0%D1%87%D0%B5%D0%B2%D0%BE%D0%B1%D0%B5%D1%81%D0%BF%D0%BB%D0%B0%D1%82%D0%BD%D0%B0-%D0%B4%D0%BE%D1%81%D1%82%D0%B0%D0%B2%D0%B0-%D0%B7%"
      },
      "geometry": {
        "type": "Point",
        "coordinates": [21.5157783, 41.9397783]
      },
      "id": "node/8434486650"
    },
    {
      "type": "Feature",
      "properties": {
        "@id": "node/8549720690",
        "addr:city": "Cкoпje",
        "addr:housenumber": "27",
        "addr:postcode": "1000",
        "addr:street": "Дане Крапчев",
        "amenity": "fast_food",
        "cuisine": "sandwich",
        "drive_through": "no",
        "name": "Subzy",
        "opening_hours": "Mo-Fr 09:00-19:00; Sa 11:00-19:00",
        "phone": "+38971328554;+38923228044",
        "website": "https://subzy.mk/"
      },
      "geometry": {
        "type": "Point",
        "coordinates": [21.4162609, 42.0009144]
      },
      "id": "node/8549720690"
    },
    {
      "type": "Feature",
      "properties": {
        "@id": "node/8745631651",
        "addr:city": "Cкoпje",
        "addr:housenumber": "7",
        "addr:street": "Даме Груев",
        "amenity": "restaurant",
        "check_date": "2024-10-06",
        "contact:facebook": "https://www.facebook.com/paradisefood.mk/",
        "diet:sugar_free": "yes",
        "diet:vegan": "yes",
        "diet:vegetarian": "yes",
        "name": "Paradise Food",
        "opening_hours": "Mo-Th 08:00-20:00; Fr 08:00-16:00; Sa-Su off",
        "phone": "+389 76 424 104"
      },
      "geometry": {
        "type": "Point",
        "coordinates": [21.4277003, 41.9944693]
      },
      "id": "node/8745631651"
    },
    {
      "type": "Feature",
      "properties": {
        "@id": "node/8807124420",
        "amenity": "restaurant",
        "changing_table": "no",
        "changing_table:fee": "no",
        "name": "Кај чичо 2",
        "opening_hours": "Mo-Sa 09:00-24:00; Su 12:00-20:00",
        "outdoor_seating": "yes",
        "reservation": "yes",
        "smoking": "outside",
        "takeaway": "yes",
        "toilets": "yes",
        "toilets:access": "customers",
        "toilets:wheelchair": "no"
      },
      "geometry": {
        "type": "Point",
        "coordinates": [21.3855189, 42.0091204]
      },
      "id": "node/8807124420"
    },
    {
      "type": "Feature",
      "properties": {
        "@id": "node/8905635710",
        "amenity": "restaurant",
        "int_name": "Restoran Domini",
        "name": "Ресторан Домини",
        "name:en": "Restaurant Domini"
      },
      "geometry": {
        "type": "Point",
        "coordinates": [21.4408895, 41.9909456]
      },
      "id": "node/8905635710"
    },
    {
      "type": "Feature",
      "properties": {
        "@id": "node/8946991737",
        "amenity": "fast_food",
        "cuisine": "waffle",
        "drive_through": "no",
        "name": "Fluffy"
      },
      "geometry": {
        "type": "Point",
        "coordinates": [21.4206316, 42.0013583]
      },
      "id": "node/8946991737"
    },
    {
      "type": "Feature",
      "properties": {
        "@id": "node/8948359876",
        "amenity": "restaurant",
        "name": "Equilibrium",
        "opening_hours": "Mo-Th 08:00-24:00, Fr,Sa 08:00-01:00, Su 08:00-24:00"
      },
      "geometry": {
        "type": "Point",
        "coordinates": [21.4542028, 41.9866451]
      },
      "id": "node/8948359876"
    },
    {
      "type": "Feature",
      "properties": {
        "@id": "node/9163117743",
        "addr:city": "Cкoпje",
        "addr:housenumber": "2",
        "addr:postcode": "1000",
        "addr:street": "Њуделхиска",
        "amenity": "cafe",
        "name": "Plato Coffee 2.0"
      },
      "geometry": {
        "type": "Point",
        "coordinates": [21.405925, 41.998628]
      },
      "id": "node/9163117743"
    },
    {
      "type": "Feature",
      "properties": {
        "@id": "node/9200216340",
        "amenity": "restaurant",
        "cuisine": "mexican",
        "name": "Tacos Jam"
      },
      "geometry": {
        "type": "Point",
        "coordinates": [21.4142555, 42.0006584]
      },
      "id": "node/9200216340"
    },
    {
      "type": "Feature",
      "properties": {
        "@id": "node/9200216346",
        "amenity": "restaurant",
        "cuisine": "burger;regional;grill;coffee_shop;balkan;kebab;pizza",
        "name": "Боко",
        "outdoor_seating": "yes",
        "smoking": "yes",
        "takeaway": "yes",
        "toilets": "yes"
      },
      "geometry": {
        "type": "Point",
        "coordinates": [21.4171233, 41.9970867]
      },
      "id": "node/9200216346"
    },
    {
      "type": "Feature",
      "properties": {
        "@id": "node/9200216348",
        "amenity": "fast_food",
        "name": "Lama Palace"
      },
      "geometry": {
        "type": "Point",
        "coordinates": [21.4389588, 42.002608]
      },
      "id": "node/9200216348"
    },
    {
      "type": "Feature",
      "properties": {
        "@id": "node/9200216438",
        "amenity": "cafe",
        "name": "Lafe"
      },
      "geometry": {
        "type": "Point",
        "coordinates": [21.4245361, 41.9949215]
      },
      "id": "node/9200216438"
    },
    {
      "type": "Feature",
      "properties": {
        "@id": "node/9200216443",
        "amenity": "cafe",
        "name": "Coffee corner"
      },
      "geometry": {
        "type": "Point",
        "coordinates": [21.4355656, 42.0010222]
      },
      "id": "node/9200216443"
    },
    {
      "type": "Feature",
      "properties": {
        "@id": "node/9200216551",
        "amenity": "fast_food",
        "name": "Plaset"
      },
      "geometry": {
        "type": "Point",
        "coordinates": [21.4395663, 42.003309]
      },
      "id": "node/9200216551"
    },
    {
      "type": "Feature",
      "properties": {
        "@id": "node/9200216562",
        "amenity": "fast_food",
        "name": "Spizzicotto"
      },
      "geometry": {
        "type": "Point",
        "coordinates": [21.4252785, 41.9932172]
      },
      "id": "node/9200216562"
    },
    {
      "type": "Feature",
      "properties": {
        "@id": "node/9200216570",
        "amenity": "pub",
        "name": "18"
      },
      "geometry": {
        "type": "Point",
        "coordinates": [21.4175082, 42.0029207]
      },
      "id": "node/9200216570"
    },
    {
      "type": "Feature",
      "properties": {
        "@id": "node/9663187516",
        "amenity": "restaurant",
        "cuisine": "pizza",
        "name": "Кремисимо Трибина",
        "name:en": "Cremissimo Tribina",
        "opening_hours": "Mo-Su 09:00-00:00",
        "website": "https://cremissimo-tribina-lounge-bar.business.site/?utm_source=gmb&utm_medium=referral"
      },
      "geometry": {
        "type": "Point",
        "coordinates": [21.5231246, 41.9936208]
      },
      "id": "node/9663187516"
    },
    {
      "type": "Feature",
      "properties": {
        "@id": "node/9663199731",
        "amenity": "restaurant",
        "name": "Потковица",
        "name:en": "Horseshoe",
        "opening_hours": "Mo-Su 09:00-00:00"
      },
      "geometry": {
        "type": "Point",
        "coordinates": [21.5230582, 41.993367]
      },
      "id": "node/9663199731"
    },
    {
      "type": "Feature",
      "properties": {
        "@id": "node/9941969417",
        "amenity": "cafe",
        "check_date": "2025-06-14",
        "name": "Здрава станица - Healthylicious",
        "opening_hours": "Mo-Fr 07:30-22:00; Sa 09:00-19:00"
      },
      "geometry": {
        "type": "Point",
        "coordinates": [21.4181973, 41.9994051]
      },
      "id": "node/9941969417"
    },
    {
      "type": "Feature",
      "properties": {
        "@id": "node/9969092317",
        "amenity": "restaurant",
        "name": "Ckoncko"
      },
      "geometry": {
        "type": "Point",
        "coordinates": [21.398719, 41.9952558]
      },
      "id": "node/9969092317"
    },
    {
      "type": "Feature",
      "properties": {
        "@id": "node/10151360411",
        "addr:city": "Cкoпje",
        "addr:housenumber": "90",
        "addr:postcode": "1000",
        "addr:street": "Орце Николов",
        "amenity": "restaurant",
        "cuisine": "french;sandwich",
        "entrance": "yes",
        "name": "Mama",
        "opening_hours": "Mo-Fr 10:00-18:00",
        "outdoor_seating": "yes",
        "smoking": "outside",
        "takeaway": "yes",
        "toilets": "yes",
        "wheelchair": "limited"
      },
      "geometry": {
        "type": "Point",
        "coordinates": [21.4250341, 42.0005347]
      },
      "id": "node/10151360411"
    },
    {
      "type": "Feature",
      "properties": {
        "@id": "node/10154202724",
        "amenity": "cafe",
        "name": "Oui",
        "opening_hours": "Mo-Fr 08:00-16:00; Sa 10:00-18:00",
        "outdoor_seating": "yes",
        "smoking": "outside",
        "takeaway": "yes",
        "wheelchair": "limited"
      },
      "geometry": {
        "type": "Point",
        "coordinates": [21.4249735, 42.0005653]
      },
      "id": "node/10154202724"
    },
    {
      "type": "Feature",
      "properties": {
        "@id": "node/10154507143",
        "amenity": "cafe",
        "name": "Chloé Café"
      },
      "geometry": {
        "type": "Point",
        "coordinates": [21.4228689, 42.001355]
      },
      "id": "node/10154507143"
    },
    {
      "type": "Feature",
      "properties": {
        "@id": "node/10162039517",
        "amenity": "restaurant",
        "cuisine": "turkish",
        "internet_access": "wlan",
        "name": "Medo",
        "opening_hours": "Su-Sa 08:00-22:00"
      },
      "geometry": {
        "type": "Point",
        "coordinates": [21.4371301, 42.0005187]
      },
      "id": "node/10162039517"
    },
    {
      "type": "Feature",
      "properties": {
        "@id": "node/10175250646",
        "amenity": "cafe",
        "name": "МКЦ"
      },
      "geometry": {
        "type": "Point",
        "coordinates": [21.4425386, 41.9962398]
      },
      "id": "node/10175250646"
    },
    {
      "type": "Feature",
      "properties": {
        "@id": "node/10175488324",
        "amenity": "cafe",
        "name": "Di Lunna",
        "opening_hours": "Mo-Sa 08:00-24:00"
      },
      "geometry": {
        "type": "Point",
        "coordinates": [21.4286946, 41.9951335]
      },
      "id": "node/10175488324"
    },
    {
      "type": "Feature",
      "properties": {
        "@id": "node/10175629933",
        "amenity": "cafe",
        "name": "Start Coffee"
      },
      "geometry": {
        "type": "Point",
        "coordinates": [21.4276847, 41.9935433]
      },
      "id": "node/10175629933"
    },
    {
      "type": "Feature",
      "properties": {
        "@id": "node/10178532114",
        "amenity": "bar",
        "name": "Three Hundred Rabbits",
        "outdoor_seating": "yes"
      },
      "geometry": {
        "type": "Point",
        "coordinates": [21.4170298, 41.9972458]
      },
      "id": "node/10178532114"
    },
    {
      "type": "Feature",
      "properties": {
        "@id": "node/10184026285",
        "amenity": "fast_food",
        "name": "Домашно вкусно"
      },
      "geometry": {
        "type": "Point",
        "coordinates": [21.3964007, 41.994846]
      },
      "id": "node/10184026285"
    },
    {
      "type": "Feature",
      "properties": {
        "@id": "node/10184125910",
        "amenity": "bar",
        "name": "Why",
        "opening_hours": "Su-Th 08:00-24:00, Fr,Sa 08:00-01:00"
      },
      "geometry": {
        "type": "Point",
        "coordinates": [21.3928349, 41.9981066]
      },
      "id": "node/10184125910"
    },
    {
      "type": "Feature",
      "properties": {
        "@id": "node/10189563826",
        "amenity": "restaurant",
        "name": "Бегера"
      },
      "geometry": {
        "type": "Point",
        "coordinates": [21.4119491, 41.9941712]
      },
      "id": "node/10189563826"
    },
    {
      "type": "Feature",
      "properties": {
        "@id": "node/10196816323",
        "amenity": "restaurant",
        "diet:vegetarian": "only",
        "name": "Дрен",
        "takeaway": "yes"
      },
      "geometry": {
        "type": "Point",
        "coordinates": [21.4061316, 41.9971516]
      },
      "id": "node/10196816323"
    },
    {
      "type": "Feature",
      "properties": {
        "@id": "node/10198481320",
        "amenity": "pub",
        "check_date": "2025-11-20",
        "name": "Салон",
        "name:en": "Saloon",
        "opening_hours": "Mo-Su 09:00-04:00",
        "phone": "075441436"
      },
      "geometry": {
        "type": "Point",
        "coordinates": [21.4252245, 41.9936671]
      },
      "id": "node/10198481320"
    },
    {
      "type": "Feature",
      "properties": {
        "@id": "node/10231775690",
        "amenity": "bar",
        "name": "Rock bar „Old School“"
      },
      "geometry": {
        "type": "Point",
        "coordinates": [21.4387563, 41.9931815]
      },
      "id": "node/10231775690"
    },
    {
      "type": "Feature",
      "properties": {
        "@id": "node/10822535624",
        "addr:housenumber": "18",
        "addr:street": "Ул, Dame Gruev бр.18, Skopje 1000, North Macedonia",
        "amenity": "restaurant",
        "description": "Traditional Macedonian Restaurant.",
        "name": "Restaurant Gostilnica Vezenka",
        "opening_hours": "Mo-Th 08:00-00:00; Fr, Sa 08:00-00:30",
        "website": "https://instagram.com/gostilnica_vezenka?igshid=MDM4ZDc5MmU="
      },
      "geometry": {
        "type": "Point",
        "coordinates": [21.4282667, 41.9945336]
      },
      "id": "node/10822535624"
    },
    {
      "type": "Feature",
      "properties": {
        "@id": "node/10852733215",
        "addr:city": "Скопје",
        "addr:street": "Благоја Стефковски",
        "amenity": "fast_food",
        "cuisine": "burger;hot_dog",
        "int_name": "Sendvicara HIT",
        "name": "Сендвичара ХИТ",
        "opening_hours": "Mo-Fr 07:00-18:00; Sa 07:00-15:00",
        "phone": "078933126"
      },
      "geometry": {
        "type": "Point",
        "coordinates": [21.4843635, 42.0013882]
      },
      "id": "node/10852733215"
    },
    {
      "type": "Feature",
      "properties": {
        "@id": "node/10925899444",
        "amenity": "cafe",
        "internet_access": "yes",
        "name": "Chloé coffee and juice",
        "phone": "070266633"
      },
      "geometry": {
        "type": "Point",
        "coordinates": [21.4244305, 41.9986082]
      },
      "id": "node/10925899444"
    },
    {
      "type": "Feature",
      "properties": {
        "@id": "node/10961179066",
        "addr:city": "Сопиште",
        "addr:postcode": "1000",
        "addr:street": "ул. 23",
        "amenity": "cafe",
        "cuisine": "coffee_shop",
        "name": "Sun City Cafe",
        "opening_hours": "We-Su 12:00-20:00",
        "outdoor_seating": "yes",
        "phone": "+38976963872"
      },
      "geometry": {
        "type": "Point",
        "coordinates": [21.4314746, 41.9594714]
      },
      "id": "node/10961179066"
    },
    {
      "type": "Feature",
      "properties": {
        "@id": "node/11081007566",
        "amenity": "bar",
        "name": "Filharmonija cafe bar"
      },
      "geometry": {
        "type": "Point",
        "coordinates": [21.4357181, 41.9978515]
      },
      "id": "node/11081007566"
    },
    {
      "type": "Feature",
      "properties": {
        "@id": "node/11217843459",
        "addr:city": "Cкoпje",
        "addr:postcode": "1000",
        "addr:street": "Њуделхиска бр.6 локал 9",
        "amenity": "cafe",
        "name": "Кафе „Дабов“",
        "name:en": "Dabov Speciallty Coffee",
        "opening_hours": "Mo-Fr 08:00-17:00; Sa 09:00-15:00",
        "phone": "+389 78 223441",
        "website": "https://dabov.coffee/"
      },
      "geometry": {
        "type": "Point",
        "coordinates": [21.4057194, 41.9976775]
      },
      "id": "node/11217843459"
    },
    {
      "type": "Feature",
      "properties": {
        "@id": "node/11217845671",
        "amenity": "fast_food",
        "cuisine": "burger;sandwich",
        "drive_through": "no",
        "name": "Space Burgers",
        "phone": "+ 389 71 386334",
        "website": "https://burgers.mk"
      },
      "geometry": {
        "type": "Point",
        "coordinates": [21.4254271, 41.9955556]
      },
      "id": "node/11217845671"
    },
    {
      "type": "Feature",
      "properties": {
        "@id": "node/11217864081",
        "amenity": "fast_food",
        "cuisine": "burger;sandwich",
        "drive_through": "no",
        "name": "Fat Kitchen Bistro",
        "opening_hours": "Mo-Sa 09:00-22:30",
        "phone": "+389 71 888379",
        "website": "https://linktr.ee/fatkitchenbistro"
      },
      "geometry": {
        "type": "Point",
        "coordinates": [21.4163354, 41.9983199]
      },
      "id": "node/11217864081"
    },
    {
      "type": "Feature",
      "properties": {
        "@id": "node/11244404944",
        "addr:city": "Skopje",
        "addr:postcode": "1000",
        "addr:street": "Радишанска",
        "amenity": "fast_food",
        "cuisine": "burger;hot_dog",
        "diet:halal": "yes",
        "diet:meat": "yes",
        "name": "Крал",
        "phone": "+389 78236227"
      },
      "geometry": {
        "type": "Point",
        "coordinates": [21.4505805, 42.0622385]
      },
      "id": "node/11244404944"
    },
    {
      "type": "Feature",
      "properties": {
        "@id": "node/11246759628",
        "addr:city": "Cкoпje",
        "addr:city:en": "Skopje",
        "addr:country": "MK",
        "addr:housenumber": "50",
        "addr:postcode": "1000",
        "addr:street": "Аминта Трети",
        "amenity": "fast_food",
        "cuisine": "pizza;пастрмајлија",
        "delivery": "yes",
        "drive_through": "no",
        "name": "Pizza Delivery \"Mamma Italiana\"",
        "oven": "wood_fired",
        "takeaway": "yes",
        "website": "https://www.facebook.com/pages/Pizza-Delivery-Mamma-Italiana/340851572669349"
      },
      "geometry": {
        "type": "Point",
        "coordinates": [21.4222476, 41.9975952]
      },
      "id": "node/11246759628"
    },
    {
      "type": "Feature",
      "properties": {
        "@id": "node/11246842664",
        "amenity": "restaurant",
        "name": "Galija"
      },
      "geometry": {
        "type": "Point",
        "coordinates": [21.4343993, 41.9959851]
      },
      "id": "node/11246842664"
    },
    {
      "type": "Feature",
      "properties": {
        "@id": "node/11266873006",
        "amenity": "fast_food",
        "level": "0",
        "name": "Леблебиџилница"
      },
      "geometry": {
        "type": "Point",
        "coordinates": [21.433522, 41.9948503]
      },
      "id": "node/11266873006"
    },
    {
      "type": "Feature",
      "properties": {
        "@id": "node/11269059286",
        "amenity": "fast_food",
        "level": "0",
        "name": "Сендвичара Нино"
      },
      "geometry": {
        "type": "Point",
        "coordinates": [21.4335604, 41.9951232]
      },
      "id": "node/11269059286"
    },
    {
      "type": "Feature",
      "properties": {
        "@id": "node/11269078971",
        "amenity": "fast_food",
        "level": "0",
        "name": "Кујната на бимбо"
      },
      "geometry": {
        "type": "Point",
        "coordinates": [21.4336383, 41.9952598]
      },
      "id": "node/11269078971"
    },
    {
      "type": "Feature",
      "properties": {
        "@id": "node/11269165481",
        "amenity": "cafe",
        "name": "Bar coffee"
      },
      "geometry": {
        "type": "Point",
        "coordinates": [21.4334455, 41.9949967]
      },
      "id": "node/11269165481"
    },
    {
      "type": "Feature",
      "properties": {
        "@id": "node/11269216901",
        "amenity": "cafe",
        "level": "-1",
        "name": "Barista cafe"
      },
      "geometry": {
        "type": "Point",
        "coordinates": [21.433573, 41.9946606]
      },
      "id": "node/11269216901"
    },
    {
      "type": "Feature",
      "properties": {
        "@id": "node/11269228370",
        "amenity": "fast_food",
        "name": "Сендвичара Ми-бо"
      },
      "geometry": {
        "type": "Point",
        "coordinates": [21.4334223, 41.9947097]
      },
      "id": "node/11269228370"
    },
    {
      "type": "Feature",
      "properties": {
        "@id": "node/11275614592",
        "amenity": "restaurant",
        "cuisine": "pizza",
        "name": "Pizza Jakomo"
      },
      "geometry": {
        "type": "Point",
        "coordinates": [21.4382429, 41.9856469]
      },
      "id": "node/11275614592"
    },
    {
      "type": "Feature",
      "properties": {
        "@id": "node/11275718929",
        "amenity": "restaurant",
        "cuisine": "coffee_shop;international;smoothie",
        "name": "Freshi",
        "opening_hours": "Mo-Fr 07:30-21:00; Sa 10:00-15:00",
        "outdoor_seating": "yes",
        "takeaway": "yes",
        "toilets": "yes",
        "wheelchair": "limited"
      },
      "geometry": {
        "type": "Point",
        "coordinates": [21.4387999, 41.983481]
      },
      "id": "node/11275718929"
    },
    {
      "type": "Feature",
      "properties": {
        "@id": "node/11276966572",
        "amenity": "restaurant",
        "name": "Magic House"
      },
      "geometry": {
        "type": "Point",
        "coordinates": [21.4391686, 41.9808322]
      },
      "id": "node/11276966572"
    },
    {
      "type": "Feature",
      "properties": {
        "@id": "node/11277200371",
        "amenity": "cafe",
        "name": "Coffee Academy"
      },
      "geometry": {
        "type": "Point",
        "coordinates": [21.4355427, 41.9885078]
      },
      "id": "node/11277200371"
    },
    {
      "type": "Feature",
      "properties": {
        "@id": "node/11277527347",
        "amenity": "cafe",
        "name": "Kaimuck Coffee ʼN More"
      },
      "geometry": {
        "type": "Point",
        "coordinates": [21.4372866, 41.9996323]
      },
      "id": "node/11277527347"
    },
    {
      "type": "Feature",
      "properties": {
        "@id": "node/11277587625",
        "amenity": "cafe",
        "name": "Manuel Caffè"
      },
      "geometry": {
        "type": "Point",
        "coordinates": [21.4370077, 41.9996406]
      },
      "id": "node/11277587625"
    },
    {
      "type": "Feature",
      "properties": {
        "@id": "node/11385595748",
        "addr:city": "Cкoпje",
        "addr:housenumber": "1/1",
        "addr:postcode": "1000",
        "addr:street": "Св. Кирил и Методиј",
        "amenity": "restaurant",
        "email": "info@ragusa360.com",
        "name": "Рагуза 360",
        "name:en": "Ragusa 360",
        "phone": "+38975398919;+38923212919",
        "website": "https://ragusa360.com/"
      },
      "geometry": {
        "type": "Point",
        "coordinates": [21.4320056, 41.9895164]
      },
      "id": "node/11385595748"
    },
    {
      "type": "Feature",
      "properties": {
        "@id": "node/11454307195",
        "amenity": "restaurant",
        "bar": "yes",
        "contact:facebook": "https://www.facebook.com/mezzestanica33",
        "cuisine": "seafood;turkish",
        "internet_access": "yes",
        "name": "Mezze Stanica 33",
        "phone": "+389 72 688 333",
        "reservation": "recommended",
        "smoking": "isolated",
        "website": "https://www.mezzestanica33.com/",
        "wheelchair": "yes"
      },
      "geometry": {
        "type": "Point",
        "coordinates": [21.4269282, 41.9899516]
      },
      "id": "node/11454307195"
    },
    {
      "type": "Feature",
      "properties": {
        "@id": "node/11476156169",
        "addr:postcode": "1000",
        "addr:street": "Кеј 13 Ноември",
        "amenity": "bar",
        "check_date": "2024-09-30",
        "contact:facebook": "https://facebook.com/people/OWL-Mixology-Bar/100083196255761",
        "email": "owlbar@yahoo.com",
        "level": "1",
        "name": "Owl Mixology Bar",
        "name:de": "Owl Mixology Bar",
        "name:en": "Owl Mixology Bar",
        "opening_hours": "Mo-Th 11:00-00:00; Fr-Sa 11:00-01:00",
        "phone": "+38975306306"
      },
      "geometry": {
        "type": "Point",
        "coordinates": [21.4355479, 41.9950671]
      },
      "id": "node/11476156169"
    },
    {
      "type": "Feature",
      "properties": {
        "@id": "node/11532129355",
        "addr:city": "Скопје",
        "addr:postcode": "1040",
        "addr:street": "Маџари",
        "amenity": "fast_food",
        "cuisine": "kebab",
        "diet:halal": "yes",
        "diet:meat": "yes",
        "name": "Ќебапчилница Дукат",
        "opening_hours": "Mo-Su 08:00-22:00"
      },
      "geometry": {
        "type": "Point",
        "coordinates": [21.5034294, 42.005752]
      },
      "id": "node/11532129355"
    },
    {
      "type": "Feature",
      "properties": {
        "@id": "node/11532129359",
        "addr:city": "Скопје",
        "addr:postcode": "1040",
        "amenity": "fast_food",
        "cuisine": "burger;juice;salad",
        "name": "ТЕТЕКС (Ченто)",
        "operator": "Тетекс"
      },
      "geometry": {
        "type": "Point",
        "coordinates": [21.5037851, 42.0051142]
      },
      "id": "node/11532129359"
    },
    {
      "type": "Feature",
      "properties": {
        "@id": "node/11554429390",
        "amenity": "fast_food",
        "cuisine": "pizza;patrami",
        "name": "АЦИКО Пица"
      },
      "geometry": {
        "type": "Point",
        "coordinates": [21.5036939, 42.0050276]
      },
      "id": "node/11554429390"
    },
    {
      "type": "Feature",
      "properties": {
        "@id": "node/11684037891",
        "amenity": "bar",
        "name": "Mambo Gin Tonic Bar"
      },
      "geometry": {
        "type": "Point",
        "coordinates": [21.4140471, 42.0049547]
      },
      "id": "node/11684037891"
    },
    {
      "type": "Feature",
      "properties": {
        "@id": "node/11770842892",
        "amenity": "cafe",
        "internet_access": "yes",
        "internet_access:fee": "no",
        "name": "Париз",
        "outdoor_seating": "yes"
      },
      "geometry": {
        "type": "Point",
        "coordinates": [21.5138285, 42.0275314]
      },
      "id": "node/11770842892"
    },
    {
      "type": "Feature",
      "properties": {
        "@id": "node/11881131753",
        "amenity": "restaurant",
        "indoor_seating": "yes",
        "name": "Ланџ бар Бис",
        "name:en": "Lounge Bar BIS",
        "outdoor_seating": "yes",
        "phone": "02 6148 812"
      },
      "geometry": {
        "type": "Point",
        "coordinates": [21.4021487, 42.0068785]
      },
      "id": "node/11881131753"
    },
    {
      "type": "Feature",
      "properties": {
        "@id": "node/11899331736",
        "amenity": "restaurant",
        "name": "Oasis"
      },
      "geometry": {
        "type": "Point",
        "coordinates": [21.5420951, 41.936312]
      },
      "id": "node/11899331736"
    },
    {
      "type": "Feature",
      "properties": {
        "@id": "node/11899331752",
        "amenity": "bar",
        "name": "Блу"
      },
      "geometry": {
        "type": "Point",
        "coordinates": [21.5201908, 41.9378208]
      },
      "id": "node/11899331752"
    },
    {
      "type": "Feature",
      "properties": {
        "@id": "node/11899331777",
        "amenity": "bar",
        "name": "Сторија"
      },
      "geometry": {
        "type": "Point",
        "coordinates": [21.518603, 41.9385767]
      },
      "id": "node/11899331777"
    },
    {
      "type": "Feature",
      "properties": {
        "@id": "node/11899331778",
        "amenity": "bar",
        "name": "Даст"
      },
      "geometry": {
        "type": "Point",
        "coordinates": [21.5169629, 41.9382654]
      },
      "id": "node/11899331778"
    },
    {
      "type": "Feature",
      "properties": {
        "@id": "node/11899331816",
        "amenity": "restaurant",
        "name": "КОКО"
      },
      "geometry": {
        "type": "Point",
        "coordinates": [21.51372, 41.940273]
      },
      "id": "node/11899331816"
    },
    {
      "type": "Feature",
      "properties": {
        "@id": "node/12059752496",
        "amenity": "restaurant",
        "int_name": "Grosh",
        "name": "Grosh",
        "name:mk": "Грош"
      },
      "geometry": {
        "type": "Point",
        "coordinates": [21.399689, 42.0033987]
      },
      "id": "node/12059752496"
    },
    {
      "type": "Feature",
      "properties": {
        "@id": "node/12070680123",
        "amenity": "restaurant",
        "contact:mobile": "+38978624199",
        "contact:phone": "+38923222224",
        "cuisine": "balkan",
        "fixme": "Check exact position",
        "name": "Алтан",
        "name:en": "Altan"
      },
      "geometry": {
        "type": "Point",
        "coordinates": [21.4168502, 41.9925181]
      },
      "id": "node/12070680123"
    },
    {
      "type": "Feature",
      "properties": {
        "@id": "node/12087095746",
        "addr:city": "Cкoпje",
        "addr:housenumber": "24",
        "addr:postcode": "1000",
        "addr:street": "9-ti Maj",
        "amenity": "cafe",
        "internet_access": "yes",
        "internet_access:fee": "no",
        "name": "Lusso Specialty Coffee",
        "opening_hours": "Mo-Fr 08:00-18:00"
      },
      "geometry": {
        "type": "Point",
        "coordinates": [21.415319, 41.9961758]
      },
      "id": "node/12087095746"
    },
    {
      "type": "Feature",
      "properties": {
        "@id": "node/12087098097",
        "addr:city": "Cкoпje",
        "addr:housenumber": "16",
        "addr:postcode": "1000",
        "addr:street": "Апостол Гусларот",
        "amenity": "cafe",
        "contact:facebook": "https://www.facebook.com/thedude.specialtycoffee",
        "internet_access": "yes",
        "internet_access:fee": "no",
        "name": "The Dude Specialty Coffee",
        "opening_hours": "Mo-Fr 07:30-18:00, Sa 08:30-16:00, Su off",
        "payment:cards": "yes",
        "payment:cash": "yes",
        "payment:credit_cards": "yes",
        "payment:debit_cards": "yes",
        "payment:mastercard": "yes",
        "payment:visa": "yes"
      },
      "geometry": {
        "type": "Point",
        "coordinates": [21.4198495, 41.9977822]
      },
      "id": "node/12087098097"
    },
    {
      "type": "Feature",
      "properties": {
        "@id": "node/12110076863",
        "addr:city": "Skopje",
        "addr:housenumber": "5",
        "addr:postcode": "1000",
        "addr:street": "Leninova",
        "amenity": "cafe",
        "contact:instagram": "https:\\/\\/www.instagram.com\\/lipaleninova?igsh=N3htMm1tOHFzN2N2",
        "indoor_seating": "yes",
        "internet_access": "yes",
        "internet_access:fee": "no",
        "name": "Lipa Cafe",
        "name:mk": "Кафе „Липа”",
        "opening_hours": "Mo-Fr 08:00-18:00; Sa-Su 09:00-17:00",
        "outdoor_seating": "yes"
      },
      "geometry": {
        "type": "Point",
        "coordinates": [21.4264204, 42.002116]
      },
      "id": "node/12110076863"
    },
    {
      "type": "Feature",
      "properties": {
        "@id": "node/12160641972",
        "amenity": "fast_food",
        "cuisine": "donut",
        "indoor_seating": "no",
        "name": "Крофните од Хром",
        "opening_hours": "Mo-Fr 16:00-01:00; Su off, Sa 16:00-01:00",
        "outdoor_seating": "no",
        "takeaway": "only"
      },
      "geometry": {
        "type": "Point",
        "coordinates": [21.3776104, 42.0056973]
      },
      "id": "node/12160641972"
    },
    {
      "type": "Feature",
      "properties": {
        "@id": "node/12180103472",
        "amenity": "bar",
        "name": "Morris"
      },
      "geometry": {
        "type": "Point",
        "coordinates": [21.4196517, 42.0008601]
      },
      "id": "node/12180103472"
    },
    {
      "type": "Feature",
      "properties": {
        "@id": "node/12199131401",
        "amenity": "restaurant",
        "cuisine": "pizza",
        "name": "Пицерија Верона",
        "name:en": "Pizzeria Verona",
        "self_service": "yes"
      },
      "geometry": {
        "type": "Point",
        "coordinates": [21.455155, 41.9836827]
      },
      "id": "node/12199131401"
    },
    {
      "type": "Feature",
      "properties": {
        "@id": "node/12199134801",
        "amenity": "cafe",
        "cuisine": "coffee_shop",
        "name": "Кафе Аросто",
        "name:en": "Arrosto Cafe"
      },
      "geometry": {
        "type": "Point",
        "coordinates": [21.4549881, 41.9834634]
      },
      "id": "node/12199134801"
    },
    {
      "type": "Feature",
      "properties": {
        "@id": "node/12199134803",
        "amenity": "bar",
        "name": "Трач бар",
        "name:en": "Trach Bar"
      },
      "geometry": {
        "type": "Point",
        "coordinates": [21.4479699, 41.9896078]
      },
      "id": "node/12199134803"
    },
    {
      "type": "Feature",
      "properties": {
        "@id": "node/12199268301",
        "amenity": "restaurant",
        "name": "Авијатор",
        "name:en": "Aviator"
      },
      "geometry": {
        "type": "Point",
        "coordinates": [21.4518227, 41.9872479]
      },
      "id": "node/12199268301"
    },
    {
      "type": "Feature",
      "properties": {
        "@id": "node/12199270801",
        "amenity": "cafe",
        "name": "Кафе Блок",
        "name:en": "Café Block"
      },
      "geometry": {
        "type": "Point",
        "coordinates": [21.4510693, 41.9876058]
      },
      "id": "node/12199270801"
    },
    {
      "type": "Feature",
      "properties": {
        "@id": "node/12199274101",
        "amenity": "fast_food",
        "name": "Манчис",
        "name:en": "Munchies Burger"
      },
      "geometry": {
        "type": "Point",
        "coordinates": [21.4535762, 41.9878082]
      },
      "id": "node/12199274101"
    },
    {
      "type": "Feature",
      "properties": {
        "@id": "node/12201480301",
        "amenity": "pub",
        "name": "Паб Beerтија",
        "name:en": "Beertija Pub"
      },
      "geometry": {
        "type": "Point",
        "coordinates": [21.4342989, 41.9941658]
      },
      "id": "node/12201480301"
    },
    {
      "type": "Feature",
      "properties": {
        "@id": "node/12202063201",
        "amenity": "cafe",
        "name": "Кафе Само",
        "name:en": "Café Samo",
        "phone": "070 270 599"
      },
      "geometry": {
        "type": "Point",
        "coordinates": [21.4251562, 42.000215]
      },
      "id": "node/12202063201"
    },
    {
      "type": "Feature",
      "properties": {
        "@id": "node/12212416324",
        "addr:floor": "G",
        "amenity": "restaurant",
        "check_date": "2024-09-30",
        "level": "0",
        "name": "Gastroteca Siesta",
        "name:mk": "Сиеста Гастротека",
        "opening_hours": "Mo-Th 09:00-24:00; Fr-Sa 09:00-01:00; Su 12:00-24:00"
      },
      "geometry": {
        "type": "Point",
        "coordinates": [21.4296203, 41.9931813]
      },
      "id": "node/12212416324"
    },
    {
      "type": "Feature",
      "properties": {
        "@id": "node/12212416328",
        "addr:floor": "G",
        "amenity": "cafe",
        "check_date": "2024-09-30",
        "level": "0",
        "name": "Spot",
        "opening_hours": "Mo-Fr 07:30-18:00; Sa 08:00-16:00; Su off"
      },
      "geometry": {
        "type": "Point",
        "coordinates": [21.4290489, 41.9925002]
      },
      "id": "node/12212416328"
    },
    {
      "type": "Feature",
      "properties": {
        "@id": "node/12212416329",
        "addr:floor": "G",
        "amenity": "restaurant",
        "check_date": "2024-09-30",
        "level": "0",
        "name": "Kujna Brabia",
        "name:mk": "Кујна Брабиа",
        "phone": "+389 76 224 636"
      },
      "geometry": {
        "type": "Point",
        "coordinates": [21.4284386, 41.9931248]
      },
      "id": "node/12212416329"
    },
    {
      "type": "Feature",
      "properties": {
        "@id": "node/12212434287",
        "addr:floor": "G",
        "amenity": "fast_food",
        "check_date": "2026-01-02",
        "level": "0",
        "name": "Бејкинг бред",
        "name:en": "Baking Bread"
      },
      "geometry": {
        "type": "Point",
        "coordinates": [21.4291562, 41.9951756]
      },
      "id": "node/12212434287"
    },
    {
      "type": "Feature",
      "properties": {
        "@id": "node/12212434288",
        "addr:floor": "G",
        "amenity": "cafe",
        "check_date": "2024-09-30",
        "int_name": "Steblo bar",
        "level": "0",
        "name": "Стебло бар"
      },
      "geometry": {
        "type": "Point",
        "coordinates": [21.4292621, 41.9952107]
      },
      "id": "node/12212434288"
    },
    {
      "type": "Feature",
      "properties": {
        "@id": "node/12212485061",
        "addr:floor": "G",
        "amenity": "fast_food",
        "check_date": "2024-09-30",
        "level": "0",
        "name": "Sezam Pizza & Doner"
      },
      "geometry": {
        "type": "Point",
        "coordinates": [21.431303, 41.9943077]
      },
      "id": "node/12212485061"
    },
    {
      "type": "Feature",
      "properties": {
        "@id": "node/12212485062",
        "addr:floor": "G",
        "amenity": "fast_food",
        "check_date": "2024-09-30",
        "level": "0",
        "name": "Hamza Doner"
      },
      "geometry": {
        "type": "Point",
        "coordinates": [21.4311795, 41.9943257]
      },
      "id": "node/12212485062"
    },
    {
      "type": "Feature",
      "properties": {
        "@id": "node/12212485064",
        "amenity": "cafe",
        "check_date": "2024-09-30",
        "name": "Choco House"
      },
      "geometry": {
        "type": "Point",
        "coordinates": [21.430643, 41.9944359]
      },
      "id": "node/12212485064"
    },
    {
      "type": "Feature",
      "properties": {
        "@id": "node/12215569201",
        "amenity": "cafe",
        "name": "Кафе Snooze",
        "name:en": "Snooze Café"
      },
      "geometry": {
        "type": "Point",
        "coordinates": [21.4530304, 41.9886541]
      },
      "id": "node/12215569201"
    },
    {
      "type": "Feature",
      "properties": {
        "@id": "node/12216569170",
        "amenity": "restaurant",
        "check_date": "2024-10-02",
        "name": "Abi Doner",
        "opening_hours": "Mo-Sa 07:00-22:00; Su off"
      },
      "geometry": {
        "type": "Point",
        "coordinates": [21.436453, 42.0005325]
      },
      "id": "node/12216569170"
    },
    {
      "type": "Feature",
      "properties": {
        "@id": "node/12216569175",
        "amenity": "restaurant",
        "check_date": "2024-10-02",
        "name": "Ei8ht"
      },
      "geometry": {
        "type": "Point",
        "coordinates": [21.4373635, 42.0000419]
      },
      "id": "node/12216569175"
    },
    {
      "type": "Feature",
      "properties": {
        "@id": "node/12216569177",
        "amenity": "restaurant",
        "check_date": "2024-10-02",
        "name": "Arifan"
      },
      "geometry": {
        "type": "Point",
        "coordinates": [21.4365247, 41.9995864]
      },
      "id": "node/12216569177"
    },
    {
      "type": "Feature",
      "properties": {
        "@id": "node/12216569180",
        "amenity": "cafe",
        "check_date": "2024-10-02",
        "name": "Yoyo Park"
      },
      "geometry": {
        "type": "Point",
        "coordinates": [21.4355249, 41.9992816]
      },
      "id": "node/12216569180"
    },
    {
      "type": "Feature",
      "properties": {
        "@id": "node/12222295021",
        "amenity": "fast_food",
        "check_date": "2024-10-04",
        "name": "Gyro House"
      },
      "geometry": {
        "type": "Point",
        "coordinates": [21.4250901, 41.9976392]
      },
      "id": "node/12222295021"
    },
    {
      "type": "Feature",
      "properties": {
        "@id": "node/12222295026",
        "addr:floor": "G",
        "amenity": "fast_food",
        "check_date": "2024-10-04",
        "cuisine": "juice",
        "diet:vegetarian": "yes",
        "level": "0",
        "name": "Fruittissimo",
        "opening_hours": "Mo-Fr 07:30-15:30",
        "phone": "+389 78 331 040"
      },
      "geometry": {
        "type": "Point",
        "coordinates": [21.4239717, 41.9977635]
      },
      "id": "node/12222295026"
    },
    {
      "type": "Feature",
      "properties": {
        "@id": "node/12231518245",
        "addr:floor": "G",
        "addr:housenumber": "28",
        "addr:street": "Булевар Кочо Рацин",
        "amenity": "restaurant",
        "check_date": "2024-10-07",
        "diet:vegan": "yes",
        "diet:vegetarian": "yes",
        "level": "0",
        "name": "Restaurant Harmony",
        "name:mk": "Хармонија",
        "opening_hours": "Mo-Fr 10:00-19:00",
        "outdoor_seating": "yes",
        "payment:cards": "no",
        "payment:cash": "yes",
        "payment:credit_cards": "no",
        "payment:debit_cards": "no"
      },
      "geometry": {
        "type": "Point",
        "coordinates": [21.4356755, 41.9915568]
      },
      "id": "node/12231518245"
    },
    {
      "type": "Feature",
      "properties": {
        "@id": "node/12319620101",
        "amenity": "pub",
        "name": "El Presidente"
      },
      "geometry": {
        "type": "Point",
        "coordinates": [21.4292218, 41.9965239]
      },
      "id": "node/12319620101"
    },
    {
      "type": "Feature",
      "properties": {
        "@id": "node/12319620301",
        "amenity": "pub",
        "name": "Drunken Monkeys"
      },
      "geometry": {
        "type": "Point",
        "coordinates": [21.4276798, 41.9965324]
      },
      "id": "node/12319620301"
    },
    {
      "type": "Feature",
      "properties": {
        "@id": "node/12386742607",
        "addr:city": "Cкoпje",
        "addr:housenumber": "11",
        "addr:postcode": "1000",
        "addr:street": "Пандил Шишков",
        "amenity": "cafe",
        "name": "Café Duplo",
        "opening_hours": "Mo-Fr 10:00-17:00; Sa-Su 09:00-17:00",
        "phone": "+38971326443",
        "website": "https://duplo.mk/"
      },
      "geometry": {
        "type": "Point",
        "coordinates": [21.4522401, 41.9844925]
      },
      "id": "node/12386742607"
    },
    {
      "type": "Feature",
      "properties": {
        "@id": "node/12438768083",
        "amenity": "fast_food",
        "cuisine": "mexican",
        "int_name": "La Puerta",
        "name": "Ла Пуерта",
        "phone": "078203508",
        "website": "https://lapuerta.mk"
      },
      "geometry": {
        "type": "Point",
        "coordinates": [21.4673361, 41.9852978]
      },
      "id": "node/12438768083"
    },
    {
      "type": "Feature",
      "properties": {
        "@id": "node/12550104978",
        "addr:city": "Cкoпje",
        "addr:city:en": "Skopje",
        "addr:country": "MK",
        "addr:housenumber": "8",
        "addr:postcode": "1000",
        "addr:street": "Трифун Хаџијанев",
        "amenity": "restaurant",
        "int_name": "Bonimi",
        "name": "Боними"
      },
      "geometry": {
        "type": "Point",
        "coordinates": [21.4621624, 42.0030519]
      },
      "id": "node/12550104978"
    },
    {
      "type": "Feature",
      "properties": {
        "@id": "node/12593826489",
        "amenity": "fast_food",
        "int_name": "Skara Leskovac",
        "mobile": "070555755",
        "name": "Скара Лесковац"
      },
      "geometry": {
        "type": "Point",
        "coordinates": [21.4677457, 41.9857749]
      },
      "id": "node/12593826489"
    },
    {
      "type": "Feature",
      "properties": {
        "@id": "node/12613471665",
        "addr:city": "Cкoпje",
        "addr:city:en": "Skopje",
        "addr:country": "MK",
        "addr:postcode": "1000",
        "amenity": "cafe",
        "name": "Љубов",
        "name:en": "Ljubov",
        "name:mk": "Љубов"
      },
      "geometry": {
        "type": "Point",
        "coordinates": [21.4245548, 41.9979089]
      },
      "id": "node/12613471665"
    },
    {
      "type": "Feature",
      "properties": {
        "@id": "node/12650535541",
        "addr:city": "Cкoпje",
        "addr:housenumber": "2",
        "addr:postcode": "1000",
        "addr:street": "Kosturski Heroi 15",
        "amenity": "cafe",
        "name": "Cafe Bar Che",
        "name:mk": "Кафе Че",
        "opening_hours": "Mo-Su 08:00-00:00"
      },
      "geometry": {
        "type": "Point",
        "coordinates": [21.4172295, 41.9991187]
      },
      "id": "node/12650535541"
    },
    {
      "type": "Feature",
      "properties": {
        "@id": "node/12870642276",
        "amenity": "restaurant",
        "check_date": "2024-12-07",
        "cuisine": "burger",
        "diet:chicken": "yes",
        "diet:meat": "yes",
        "diet:mediterranean": "yes",
        "diet:vegetarian": "yes",
        "name": "Baking Bread",
        "name:mk": "Бејкинг Бред",
        "payment:cash": "yes",
        "payment:credit_cards": "yes",
        "payment:debit_cards": "yes",
        "wheelchair": "yes"
      },
      "geometry": {
        "type": "Point",
        "coordinates": [21.4724196, 41.9825293]
      },
      "id": "node/12870642276"
    },
    {
      "type": "Feature",
      "properties": {
        "@id": "node/12870644098",
        "amenity": "cafe",
        "check_date": "2025-05-28",
        "name": "Зен кафе (Zen Café)"
      },
      "geometry": {
        "type": "Point",
        "coordinates": [21.4300613, 41.9931483]
      },
      "id": "node/12870644098"
    },
    {
      "type": "Feature",
      "properties": {
        "@id": "node/12870832253",
        "addr:floor": "G",
        "amenity": "cafe",
        "check_date": "2025-05-28",
        "level": "0",
        "name": "Урбан Скопје",
        "name:en": "Urban Skopje",
        "payment:cash": "yes",
        "payment:credit_cards": "yes",
        "payment:debit_cards": "yes",
        "wheelchair": "yes"
      },
      "geometry": {
        "type": "Point",
        "coordinates": [21.4322334, 41.99403]
      },
      "id": "node/12870832253"
    },
    {
      "type": "Feature",
      "properties": {
        "@id": "node/12870844768",
        "amenity": "fast_food",
        "check_date": "2025-07-20",
        "check_date:opening_hours": "2025-07-20",
        "fast_food": "cafeteria",
        "name": "DOSE coffee, breakfast & brunch",
        "opening_hours:signed": "no",
        "payment:cash": "yes",
        "payment:credit_cards": "yes",
        "payment:debit_cards": "yes",
        "wheelchair": "no"
      },
      "geometry": {
        "type": "Point",
        "coordinates": [21.4356144, 41.9904667]
      },
      "id": "node/12870844768"
    },
    {
      "type": "Feature",
      "properties": {
        "@id": "node/12875371934",
        "addr:floor": "G",
        "amenity": "restaurant",
        "check_date": "2025-05-30",
        "level": "0",
        "name": "АлоАло",
        "payment:cash": "yes",
        "payment:credit_cards": "yes",
        "payment:debit_cards": "yes",
        "wheelchair": "yes"
      },
      "geometry": {
        "type": "Point",
        "coordinates": [21.4660961, 41.9858692]
      },
      "id": "node/12875371934"
    },
    {
      "type": "Feature",
      "properties": {
        "@id": "node/12875407489",
        "addr:floor": "G",
        "amenity": "restaurant",
        "check_date": "2025-05-30",
        "level": "0",
        "name": "ќебапчилница Турист",
        "payment:cash": "yes",
        "payment:credit_cards": "yes",
        "payment:debit_cards": "yes",
        "wheelchair": "yes"
      },
      "geometry": {
        "type": "Point",
        "coordinates": [21.4683144, 41.9848636]
      },
      "id": "node/12875407489"
    },
    {
      "type": "Feature",
      "properties": {
        "@id": "node/12877175041",
        "addr:floor": "G",
        "amenity": "fast_food",
        "check_date": "2025-05-31",
        "level": "0",
        "name": "Мис Стон",
        "name:en": "Miss Stone",
        "payment:cash": "yes",
        "payment:credit_cards": "yes",
        "payment:debit_cards": "yes",
        "wheelchair": "limited"
      },
      "geometry": {
        "type": "Point",
        "coordinates": [21.4293174, 41.9945269]
      },
      "id": "node/12877175041"
    },
    {
      "type": "Feature",
      "properties": {
        "@id": "node/12877177701",
        "addr:floor": "G",
        "amenity": "cafe",
        "check_date": "2025-05-31",
        "internet_access": "wlan",
        "internet_access:fee": "no",
        "level": "0",
        "name": "Кафуле „Бианконери“",
        "name:en": "Café \"Bianconeri\"",
        "name:it": "Caffe di Bianconeri",
        "payment:cash": "yes",
        "payment:credit_cards": "yes",
        "payment:debit_cards": "yes",
        "wheelchair": "yes"
      },
      "geometry": {
        "type": "Point",
        "coordinates": [21.4252942, 41.9951068]
      },
      "id": "node/12877177701"
    },
    {
      "type": "Feature",
      "properties": {
        "@id": "node/12877178913",
        "addr:floor": "G",
        "amenity": "restaurant",
        "check_date": "2025-05-31",
        "internet_access": "wlan",
        "internet_access:fee": "no",
        "level": "0",
        "name": "ресторант Театар Комедија",
        "payment:cash": "yes",
        "payment:credit_cards": "yes",
        "payment:debit_cards": "yes",
        "wheelchair": "yes"
      },
      "geometry": {
        "type": "Point",
        "coordinates": [21.4254539, 41.9944726]
      },
      "id": "node/12877178913"
    },
    {
      "type": "Feature",
      "properties": {
        "@id": "node/12878923981",
        "addr:floor": "G",
        "amenity": "cafe",
        "check_date": "2025-06-01",
        "internet_access": "wlan",
        "internet_access:fee": "no",
        "level": "0",
        "name": "Академија",
        "payment:cash": "yes",
        "payment:credit_cards": "yes",
        "payment:debit_cards": "yes",
        "wheelchair": "yes"
      },
      "geometry": {
        "type": "Point",
        "coordinates": [21.4384606, 41.979033]
      },
      "id": "node/12878923981"
    },
    {
      "type": "Feature",
      "properties": {
        "@id": "node/12878958303",
        "addr:floor": "G",
        "amenity": "fast_food",
        "check_date": "2025-06-01",
        "level": "0",
        "name": "Симпл.",
        "name:en": "Simple.",
        "wheelchair": "limited"
      },
      "geometry": {
        "type": "Point",
        "coordinates": [21.437854, 41.9800931]
      },
      "id": "node/12878958303"
    },
    {
      "type": "Feature",
      "properties": {
        "@id": "node/12913221925",
        "amenity": "restaurant",
        "indoor_seating": "yes",
        "name": "Kafanche",
        "outdoor_seating": "no"
      },
      "geometry": {
        "type": "Point",
        "coordinates": [21.4176071, 42.0028695]
      },
      "id": "node/12913221925"
    },
    {
      "type": "Feature",
      "properties": {
        "@id": "node/12914286588",
        "amenity": "cafe",
        "name": "Oud"
      },
      "geometry": {
        "type": "Point",
        "coordinates": [21.4366528, 42.0012975]
      },
      "id": "node/12914286588"
    },
    {
      "type": "Feature",
      "properties": {
        "@id": "node/12914306661",
        "amenity": "cafe",
        "name": "Cherry"
      },
      "geometry": {
        "type": "Point",
        "coordinates": [21.4367352, 42.001224]
      },
      "id": "node/12914306661"
    },
    {
      "type": "Feature",
      "properties": {
        "@id": "node/12914312133",
        "amenity": "cafe",
        "name": "Filicori"
      },
      "geometry": {
        "type": "Point",
        "coordinates": [21.4366112, 42.0012027]
      },
      "id": "node/12914312133"
    },
    {
      "type": "Feature",
      "properties": {
        "@id": "node/12915232623",
        "amenity": "bar",
        "name": "Bukva"
      },
      "geometry": {
        "type": "Point",
        "coordinates": [21.4309978, 41.9929453]
      },
      "id": "node/12915232623"
    },
    {
      "type": "Feature",
      "properties": {
        "@id": "node/12915272313",
        "amenity": "bar",
        "name": "Salam Pivo"
      },
      "geometry": {
        "type": "Point",
        "coordinates": [21.4258774, 41.9967344]
      },
      "id": "node/12915272313"
    },
    {
      "type": "Feature",
      "properties": {
        "@id": "node/12950049083",
        "addr:floor": "G",
        "amenity": "fast_food",
        "check_date": "2025-06-24",
        "cuisine": "sandwich",
        "level": "0",
        "name": "сендвичара Гонче",
        "opening_hours": "Mo-Fr 07:00-15:00",
        "payment:cash": "yes",
        "payment:credit_cards": "yes",
        "payment:debit_cards": "yes",
        "wheelchair": "yes"
      },
      "geometry": {
        "type": "Point",
        "coordinates": [21.4454693, 41.9793393]
      },
      "id": "node/12950049083"
    },
    {
      "type": "Feature",
      "properties": {
        "@id": "node/12990344831",
        "addr:city": "Cкoпje",
        "addr:housenumber": "19",
        "addr:postcode": "1000",
        "addr:street": "Булевар Партизански одреди",
        "amenity": "fast_food",
        "cuisine": "french;mexican",
        "drive_through": "no",
        "name": "Bon Tacos",
        "opening_hours": "10:00-23:00"
      },
      "geometry": {
        "type": "Point",
        "coordinates": [21.4241259, 41.9980951]
      },
      "id": "node/12990344831"
    },
    {
      "type": "Feature",
      "properties": {
        "@id": "node/13074889163",
        "amenity": "bar",
        "description": "2nd/upper Floor (this pointers location)",
        "name": "Macedonian Pub „dze“"
      },
      "geometry": {
        "type": "Point",
        "coordinates": [21.4338297, 41.9949671]
      },
      "id": "node/13074889163"
    },
    {
      "type": "Feature",
      "properties": {
        "@id": "node/13076499969",
        "addr:floor": "G",
        "amenity": "restaurant",
        "check_date": "2025-08-17",
        "cuisine": "regional",
        "level": "0",
        "name": "Пастрмајлија & Грил-хаус",
        "payment:cash": "yes",
        "payment:credit_cards": "yes",
        "payment:debit_cards": "yes",
        "wheelchair": "limited"
      },
      "geometry": {
        "type": "Point",
        "coordinates": [21.4654469, 41.9867219]
      },
      "id": "node/13076499969"
    },
    {
      "type": "Feature",
      "properties": {
        "@id": "node/13076517986",
        "addr:floor": "G",
        "amenity": "cafe",
        "check_date": "2025-08-17",
        "level": "0",
        "name": "7 Грама",
        "opening_hours": "Mo-Sa 09:00-22:00; Su 11:30-17:00",
        "payment:cash": "yes",
        "payment:credit_cards": "yes",
        "payment:debit_cards": "yes",
        "wheelchair": "limited"
      },
      "geometry": {
        "type": "Point",
        "coordinates": [21.4678649, 41.983837]
      },
      "id": "node/13076517986"
    },
    {
      "type": "Feature",
      "properties": {
        "@id": "node/13086904801",
        "addr:city": "Cкoпje",
        "addr:street": "Булевар Јане Сандански",
        "amenity": "restaurant",
        "cuisine": "balkan;local",
        "name": "Маратонец",
        "name:en": "Maratonec"
      },
      "geometry": {
        "type": "Point",
        "coordinates": [21.4533783, 41.988535]
      },
      "id": "node/13086904801"
    },
    {
      "type": "Feature",
      "properties": {
        "@id": "node/13089610102",
        "addr:housenumber": "13A",
        "addr:street": "Владимир Комаров",
        "amenity": "restaurant",
        "cuisine": "balkan;barbecue;fish;grill;local",
        "email": "mojakuka90@gmail.com",
        "name": "Moja Kyka",
        "name:en": "Moja Kukja",
        "phone": "+38170318504"
      },
      "geometry": {
        "type": "Point",
        "coordinates": [21.4537665, 41.990317]
      },
      "id": "node/13089610102"
    },
    {
      "type": "Feature",
      "properties": {
        "@id": "node/13100429601",
        "addr:housenumber": "18В",
        "addr:street": "Владимир Комаров",
        "amenity": "restaurant",
        "cuisine": "balkan;local",
        "name": "Kajmama (take away mom's food)",
        "opening_hours": "Mo-Fr 10:00-18:00"
      },
      "geometry": {
        "type": "Point",
        "coordinates": [21.4533115, 41.989273]
      },
      "id": "node/13100429601"
    },
    {
      "type": "Feature",
      "properties": {
        "@id": "node/13100933203",
        "addr:housenumber": "13/1",
        "addr:postcode": "1000",
        "addr:street": "Дебарца",
        "amenity": "cafe",
        "contact:instagram": "edge.specialtycoffee",
        "internet_access": "wlan",
        "name": "EDGE Specialty Coffee",
        "opening_hours": "Mo-Fr 09:00-17:00; Sa 10:00-18:00",
        "website": "https://edgespecialtycoffee.com"
      },
      "geometry": {
        "type": "Point",
        "coordinates": [21.4231182, 41.9968806]
      },
      "id": "node/13100933203"
    },
    {
      "type": "Feature",
      "properties": {
        "@id": "node/13100936401",
        "addr:housenumber": "42",
        "addr:street": "Kosturski Heroi",
        "amenity": "restaurant",
        "name": "SALUD"
      },
      "geometry": {
        "type": "Point",
        "coordinates": [21.417059, 41.99758]
      },
      "id": "node/13100936401"
    },
    {
      "type": "Feature",
      "properties": {
        "@id": "node/13113014281",
        "addr:floor": "G",
        "amenity": "cafe",
        "check_date": "2025-09-01",
        "level": "0",
        "name": "Капри",
        "payment:cash": "yes",
        "payment:credit_cards": "yes",
        "payment:debit_cards": "yes"
      },
      "geometry": {
        "type": "Point",
        "coordinates": [21.4094618, 41.9968714]
      },
      "id": "node/13113014281"
    },
    {
      "type": "Feature",
      "properties": {
        "@id": "node/13113956201",
        "addr:housenumber": "9A",
        "addr:street": "Булевар Јане Сандански",
        "amenity": "restaurant",
        "name": "Big Fish",
        "opening_hours": "Su-Th 08:00-00:00; Fr-Sa 08:00-01:00"
      },
      "geometry": {
        "type": "Point",
        "coordinates": [21.459692, 41.9896476]
      },
      "id": "node/13113956201"
    },
    {
      "type": "Feature",
      "properties": {
        "@id": "node/13119794601",
        "addr:housenumber": "39",
        "addr:street": "Трета македонска бригада",
        "amenity": "restaurant",
        "cuisine": "balkan;italian_pizza;local",
        "name": "Dion Cafe Restaurant",
        "opening_hours": "Mo-Su 08:00-00:00"
      },
      "geometry": {
        "type": "Point",
        "coordinates": [21.4561008, 41.9816729]
      },
      "id": "node/13119794601"
    },
    {
      "type": "Feature",
      "properties": {
        "@id": "node/13181281593",
        "addr:housenumber": "72",
        "addr:postcode": "1000",
        "addr:street": "Митрополит Теодосиј Гологанов",
        "amenity": "restaurant",
        "contact:facebook": "tavernatoskana",
        "contact:instagram": "tavernatoscana",
        "name": "Taverna Toscana"
      },
      "geometry": {
        "type": "Point",
        "coordinates": [21.4090283, 41.9961659]
      },
      "id": "node/13181281593"
    },
    {
      "type": "Feature",
      "properties": {
        "@id": "node/13193558902",
        "amenity": "bar",
        "name": "Rebel Rebel"
      },
      "geometry": {
        "type": "Point",
        "coordinates": [21.4232441, 41.9998343]
      },
      "id": "node/13193558902"
    },
    {
      "type": "Feature",
      "properties": {
        "@id": "node/13204301402",
        "addr:housenumber": "7",
        "addr:street": "Булевар Јане Сандански",
        "amenity": "cafe",
        "name": "Bada Bing Café Bar",
        "opening_hours": "Mo-Su 08:00-00:00"
      },
      "geometry": {
        "type": "Point",
        "coordinates": [21.4595043, 41.9897918]
      },
      "id": "node/13204301402"
    },
    {
      "type": "Feature",
      "properties": {
        "@id": "node/13204302701",
        "addr:housenumber": "7",
        "addr:street": "Булевар Јане Сандански",
        "amenity": "cafe",
        "name": "Books & Dogs Café",
        "opening_hours": "Mo-Sa 10:00-00:00; Su 10:00-18:00"
      },
      "geometry": {
        "type": "Point",
        "coordinates": [21.4593538, 41.9898858]
      },
      "id": "node/13204302701"
    },
    {
      "type": "Feature",
      "properties": {
        "@id": "node/13267420202",
        "addr:housenumber": "47F",
        "addr:postcode": "1000",
        "addr:street": "Христо Татарчев",
        "amenity": "cafe",
        "contact:instagram": "15.za.12",
        "cuisine": "pizza",
        "name": "15 za 12",
        "opening_hours": "Mo-Su 08:00-00:00"
      },
      "geometry": {
        "type": "Point",
        "coordinates": [21.4463633, 41.9768295]
      },
      "id": "node/13267420202"
    },
    {
      "type": "Feature",
      "properties": {
        "@id": "node/13276144667",
        "addr:floor": "G",
        "amenity": "fast_food",
        "check_date": "2025-11-02",
        "level": "0",
        "name": "Фреш бургер хаус",
        "opening_hours": "Mo-Fr 10:00-20:00",
        "payment:cash": "yes",
        "payment:credit_cards": "yes",
        "payment:debit_cards": "yes"
      },
      "geometry": {
        "type": "Point",
        "coordinates": [21.4368624, 41.9871606]
      },
      "id": "node/13276144667"
    },
    {
      "type": "Feature",
      "properties": {
        "@id": "node/13276169779",
        "addr:floor": "G",
        "amenity": "restaurant",
        "check_date": "2025-11-02",
        "level": "0",
        "name": "Фонтана Венеција",
        "payment:cash": "yes",
        "payment:credit_cards": "yes",
        "payment:debit_cards": "yes"
      },
      "geometry": {
        "type": "Point",
        "coordinates": [21.4372308, 41.9863956]
      },
      "id": "node/13276169779"
    },
    {
      "type": "Feature",
      "properties": {
        "@id": "node/13276169780",
        "addr:floor": "G",
        "amenity": "restaurant",
        "check_date": "2025-11-02",
        "level": "0",
        "name": "Фонтана",
        "payment:cash": "yes",
        "payment:credit_cards": "yes",
        "payment:debit_cards": "yes"
      },
      "geometry": {
        "type": "Point",
        "coordinates": [21.4372537, 41.9863426]
      },
      "id": "node/13276169780"
    },
    {
      "type": "Feature",
      "properties": {
        "@id": "node/13276202557",
        "addr:floor": "G",
        "amenity": "restaurant",
        "check_date": "2025-11-02",
        "level": "0",
        "name": "Досие Скопје",
        "opening_hours": "Mo-Sa 09:00-22:00",
        "payment:cash": "yes",
        "payment:credit_cards": "yes",
        "payment:debit_cards": "yes"
      },
      "geometry": {
        "type": "Point",
        "coordinates": [21.4363024, 41.9872369]
      },
      "id": "node/13276202557"
    },
    {
      "type": "Feature",
      "properties": {
        "@id": "node/13277648395",
        "amenity": "cafe",
        "cuisine": "coffee_shop",
        "internet_access": "yes",
        "internet_access:fee": "no",
        "name": "London maalo",
        "name:mk": "Лондон Маало",
        "outdoor_seating": "yes"
      },
      "geometry": {
        "type": "Point",
        "coordinates": [21.4359935, 41.992159]
      },
      "id": "node/13277648395"
    },
    {
      "type": "Feature",
      "properties": {
        "@id": "node/13283430501",
        "addr:housenumber": "34б",
        "addr:street": "Блажо Орландиќ",
        "amenity": "bar",
        "name": "Igroteka Magic House",
        "opening_hours": "Mo-Su 17:00-22:00"
      },
      "geometry": {
        "type": "Point",
        "coordinates": [21.4672552, 41.9779369]
      },
      "id": "node/13283430501"
    },
    {
      "type": "Feature",
      "properties": {
        "@id": "node/13324429692",
        "addr:floor": "G",
        "amenity": "cafe",
        "check_date": "2025-11-22",
        "level": "0",
        "name": "Централ Кофе",
        "opening_hours": "Tu-Th,Su 08:00-24:00; Fr-Sa 08:00-01:00",
        "payment:cash": "yes",
        "payment:credit_cards": "yes",
        "payment:debit_cards": "yes",
        "wheelchair": "yes"
      },
      "geometry": {
        "type": "Point",
        "coordinates": [21.3980954, 41.997741]
      },
      "id": "node/13324429692"
    },
    {
      "type": "Feature",
      "properties": {
        "@id": "node/13324429693",
        "addr:floor": "G",
        "amenity": "restaurant",
        "check_date": "2025-11-22",
        "level": "0",
        "name": "СОМА",
        "payment:cash": "yes",
        "payment:credit_cards": "yes",
        "payment:debit_cards": "yes",
        "wheelchair": "yes"
      },
      "geometry": {
        "type": "Point",
        "coordinates": [21.3981473, 41.9979224]
      },
      "id": "node/13324429693"
    },
    {
      "type": "Feature",
      "properties": {
        "@id": "node/13324432544",
        "addr:floor": "G",
        "amenity": "restaurant",
        "check_date": "2025-11-22",
        "cuisine": "pizza",
        "level": "0",
        "name": "пицерија Верона",
        "wheelchair": "yes"
      },
      "geometry": {
        "type": "Point",
        "coordinates": [21.3984983, 41.998334]
      },
      "id": "node/13324432544"
    },
    {
      "type": "Feature",
      "properties": {
        "@id": "node/13325656401",
        "addr:housenumber": "113A",
        "addr:postcode": "1000",
        "addr:street": "Булевар Партизански одреди",
        "amenity": "cafe",
        "contact:instagram": "thenestskopje",
        "name": "The NEST Cafe & Play",
        "outdoor_seating": "yes",
        "phone": "+38975351135"
      },
      "geometry": {
        "type": "Point",
        "coordinates": [21.3911208, 42.0033309]
      },
      "id": "node/13325656401"
    },
    {
      "type": "Feature",
      "properties": {
        "@id": "node/13344264702",
        "addr:housenumber": "4А",
        "addr:street": "Kosturski Heroi",
        "amenity": "cafe",
        "name": "Bristot Coffee Shop",
        "opening_hours": "Mo-Fr 08:00-17:00; Sa 08:00-16:00"
      },
      "geometry": {
        "type": "Point",
        "coordinates": [21.4188144, 42.001687]
      },
      "id": "node/13344264702"
    },
    {
      "type": "Feature",
      "properties": {
        "@id": "node/13344358101",
        "addr:street": "Орце Николов",
        "amenity": "restaurant",
        "name": "Snak",
        "opening_hours": "Mo-Fr 10:30-19:00; Sa 16:00-22:00"
      },
      "geometry": {
        "type": "Point",
        "coordinates": [21.4172697, 42.0033334]
      },
      "id": "node/13344358101"
    },
    {
      "type": "Feature",
      "properties": {
        "@id": "node/13355954782",
        "addr:city": "Скопје",
        "addr:street": "Булевар Февруарски поход",
        "amenity": "restaurant",
        "int_name": "Kafana Trpeza",
        "name": "Кафана Трпеза"
      },
      "geometry": {
        "type": "Point",
        "coordinates": [21.47878, 41.979078]
      },
      "id": "node/13355954782"
    },
    {
      "type": "Feature",
      "properties": {
        "@id": "node/13355954783",
        "addr:city": "Скопје",
        "amenity": "restaurant",
        "int_name": "Sportska meana",
        "mobile": "078227864",
        "name": "Спортска меана"
      },
      "geometry": {
        "type": "Point",
        "coordinates": [21.4781652, 41.9787647]
      },
      "id": "node/13355954783"
    },
    {
      "type": "Feature",
      "properties": {
        "@id": "node/13384250790",
        "amenity": "internet_cafe",
        "name": "Nightmare Gaming",
        "service:gaming": "yes"
      },
      "geometry": {
        "type": "Point",
        "coordinates": [21.4183526, 41.9950949]
      },
      "id": "node/13384250790"
    },
    {
      "type": "Feature",
      "properties": {
        "@id": "node/13386119402",
        "amenity": "cafe",
        "internet_access": "wlan",
        "name": "My Way Caffe"
      },
      "geometry": {
        "type": "Point",
        "coordinates": [21.4367009, 42.001419]
      },
      "id": "node/13386119402"
    },
    {
      "type": "Feature",
      "properties": {
        "@id": "node/13386174502",
        "amenity": "restaurant",
        "cuisine": "balkan;local",
        "internet_access": "wlan",
        "name": "Brenda"
      },
      "geometry": {
        "type": "Point",
        "coordinates": [21.4362706, 41.9995359]
      },
      "id": "node/13386174502"
    },
    {
      "type": "Feature",
      "properties": {
        "@id": "node/13386423001",
        "addr:housenumber": "42",
        "addr:street": "Kosturski Heroi",
        "amenity": "restaurant",
        "name": "Healthy Junk Food Corner 888",
        "opening_hours": "Mo-Fr 10:00-20:00; Sa 12:00-20:00"
      },
      "geometry": {
        "type": "Point",
        "coordinates": [21.4170676, 41.9973238]
      },
      "id": "node/13386423001"
    },
    {
      "type": "Feature",
      "properties": {
        "@id": "node/13404204304",
        "addr:city": "Скопје",
        "addr:housenumber": "34/152",
        "addr:street": "АСНОМ",
        "amenity": "restaurant",
        "cuisine": "pizza",
        "name": "Пица 5",
        "name:en": "Pizza 5",
        "phone": "022434449",
        "website:orders": "https://wolt.com/mk/mkd/skopje/restaurant/pizza-5-skopje"
      },
      "geometry": {
        "type": "Point",
        "coordinates": [21.4797117, 41.9866305]
      },
      "id": "node/13404204304"
    },
    {
      "type": "Feature",
      "properties": {
        "@id": "node/13410687201",
        "addr:housenumber": "13",
        "addr:street": "Sv. Kiril i Metodij",
        "amenity": "fast_food",
        "cuisine": "turkish",
        "drive_through": "no",
        "name": "Anatolia Pide & Kebab",
        "outdoor_seating": "no"
      },
      "geometry": {
        "type": "Point",
        "coordinates": [21.4278085, 41.9916564]
      },
      "id": "node/13410687201"
    },
    {
      "type": "Feature",
      "properties": {
        "@id": "node/13417145268",
        "addr:city": "Cкoпje",
        "addr:postcode": "1000",
        "addr:street": "Ѓорче Петров",
        "amenity": "cafe",
        "name": "Корзо Кафе",
        "name:en": "Korzo Cafe"
      },
      "geometry": {
        "type": "Point",
        "coordinates": [21.3629018, 42.0071972]
      },
      "id": "node/13417145268"
    },
    {
      "type": "Feature",
      "properties": {
        "@id": "node/13417145269",
        "addr:city": "Cкoпje",
        "addr:postcode": "1000",
        "addr:street": "Ѓорче Петров",
        "amenity": "cafe",
        "int_name": "Stanica Park",
        "name": "Станица Парк"
      },
      "geometry": {
        "type": "Point",
        "coordinates": [21.3636858, 42.0074319]
      },
      "id": "node/13417145269"
    },
    {
      "type": "Feature",
      "properties": {
        "@id": "node/13429266166",
        "amenity": "restaurant",
        "name": "Boemska Kafeana"
      },
      "geometry": {
        "type": "Point",
        "coordinates": [21.4221986, 42.0016349]
      },
      "id": "node/13429266166"
    },
    {
      "type": "Feature",
      "properties": {
        "@id": "node/13431108388",
        "addr:city": "Skopje",
        "addr:housenumber": "10A",
        "addr:postcode": "1000",
        "addr:street": "Булевар Видое Смилевски Бато",
        "amenity": "cafe",
        "cuisine": "coffee_shop",
        "internet_access": "yes",
        "internet_access:fee": "no",
        "name": "Café „Sunshine“",
        "opening_hours": "Mo-Su 08:00-22:00",
        "phone": "+38971225115"
      },
      "geometry": {
        "type": "Point",
        "coordinates": [21.4764552, 41.9795395]
      },
      "id": "node/13431108388"
    },
    {
      "type": "Feature",
      "properties": {
        "@id": "node/13431206694",
        "addr:city": "Skopje",
        "addr:housenumber": "55",
        "addr:postcode": "1000",
        "addr:street": "Булевар Видое Смилевски Бато",
        "amenity": "cafe",
        "cuisine": "coffee_shop",
        "internet_access": "yes",
        "internet_access:fee": "no",
        "name": "Helium Caffe",
        "opening_hours": "Mo-Su 09:00-12:00",
        "outdoor_seating": "yes",
        "phone": "+389 22400899",
        "smoking": "separated",
        "toilets": "yes"
      },
      "geometry": {
        "type": "Point",
        "coordinates": [21.4753909, 41.9812968]
      },
      "id": "node/13431206694"
    },
    {
      "type": "Feature",
      "properties": {
        "@id": "node/13440027823",
        "addr:floor": "1",
        "amenity": "restaurant",
        "check_date": "2026-01-08",
        "level": "1",
        "name": "Трокадеро",
        "opening_hours": "08:00-24:00",
        "phone": "+389 78 995 121",
        "wheelchair": "limited"
      },
      "geometry": {
        "type": "Point",
        "coordinates": [21.4584865, 41.9897186]
      },
      "id": "node/13440027823"
    },
    {
      "type": "Feature",
      "properties": {
        "@id": "node/13593323782",
        "addr:city": "Cкoпje",
        "addr:housenumber": "26.3",
        "addr:postcode": "1000",
        "addr:street": "Народен Херој Кузман Јосифоски-Питу",
        "alt_name": "Пицерија Кутлеш",
        "alt_name:en": "Pizza Kutlesh",
        "alt_name:mk": "Пицерија Кутлеш",
        "amenity": "restaurant",
        "contact:facebook": "https://www.facebook.com/profile.php?id=61586891243084",
        "contact:instagram": "picerija_kutles",
        "cuisine": "pizza",
        "name": "Кутлеш",
        "name:en": "Kutlesh",
        "name:mk": "Кутлеш",
        "opening_hours": "Mo-Fr 09:00-23:30; Sa-Su 12:00-00:00"
      },
      "geometry": {
        "type": "Point",
        "coordinates": [21.4486044, 41.9892514]
      },
      "id": "node/13593323782"
    },
    {
      "type": "Feature",
      "properties": {
        "@id": "node/13819507131",
        "amenity": "cafe",
        "cuisine": "coffee_shop;dessert",
        "name": "Lorens Cafe Bar",
        "opening_hours": "Mo-Su 08:00-00:00",
        "outdoor_seating": "yes"
      },
      "geometry": {
        "type": "Point",
        "coordinates": [21.4440233, 41.9760182]
      },
      "id": "node/13819507131"
    },
    {
      "type": "Feature",
      "properties": {
        "@id": "node/13830905886",
        "addr:city": "Cкoпje",
        "addr:housenumber": "66",
        "addr:postcode": "1000",
        "addr:street": "Јане Сандански",
        "amenity": "restaurant",
        "contact:instagram": "kafanazavetna",
        "name": "Заветна",
        "name:en": "Zavetna",
        "name:mk": "Заветна"
      },
      "geometry": {
        "type": "Point",
        "coordinates": [21.4651931, 41.9849173]
      },
      "id": "node/13830905886"
    }
  ]
}
